# Valid categories: Solar PCU - Sine Wave | Solar PCU - MPPT | Grid Tie Inverter - 1 Phase | Grid Tie Inverter - 3 Phase | Hybrid Inverter | Home UPS / Inverter | Solar Battery - Lead Acid | Solar Battery - Lithium | Home Battery - Lead Acid | Rack / Wall Battery | Solar Panel / PV Module | Solar Charge Controller | GTI Accessory | Inverter Accessory | Solar BOS Kit | Solar Combo / SPGS,,,,,,,,,,,,,,,,,,,,,,,,,,,
name,sku,brand,category,description,distributorPrice,logisticsCost,unitPrice,targetMarginPct,gstRate,hsnCode,unit,minStockLevel,minMarginPct,warrantyPeriod,mrp,type,packSize,almm,dcrCompliant,modelSeries,lifecycleStatus,applicableRegions,priceListVersion,productFamily,customerTierPrice,specs,supplierSku
Eastman Grid Tie Inverter 3KW 1Ph v2,EAS-GTI-1P-3KW,Eastman,Grid Tie Inverter - 1 Phase,Single phase on-grid solar inverter 3KW,14390,,,18,5,85044090,pcs,2,10,10 Years,,goods,1,,,EGT3K1P-V2,active,,Apr-26-v1,Eastman Grid Tie 1 Phase,,"{""capacity_kw"": 3, ""phase"": ""1P""}",
Eastman Grid Tie Inverter 3.6KW 1Ph,EAS-GTI-1P-3K6,Eastman,Grid Tie Inverter - 1 Phase,Single phase on-grid solar inverter 3.6KW,14580,,,18,5,85044090,pcs,2,10,10 Years,,goods,1,,,EGT-3.6K-1P:1M,active,,Apr-26-v1,Eastman Grid Tie 1 Phase,,"{""capacity_kw"": 3.6, ""phase"": ""1P""}",
Eastman Grid Tie Inverter 4KW 1Ph,EAS-GTI-1P-4KW,Eastman,Grid Tie Inverter - 1 Phase,Single phase on-grid solar inverter 4KW,15650,,,18,5,85044090,pcs,2,10,10 Years,,goods,1,,,EGT-4K-1P:1M,active,,Apr-26-v1,Eastman Grid Tie 1 Phase,,"{""capacity_kw"": 4, ""phase"": ""1P""}",
Eastman Grid Tie Inverter 5KW 1Ph,EAS-GTI-1P-5KW,Eastman,Grid Tie Inverter - 1 Phase,Single phase on-grid solar inverter 5KW,22940,,,18,5,85044090,pcs,2,10,10 Years,,goods,1,,,EGT5K1P1M,active,,Apr-26-v1,Eastman Grid Tie 1 Phase,,"{""capacity_kw"": 5, ""phase"": ""1P""}",
Eastman Grid Tie Inverter 6KW 1Ph,EAS-GTI-1P-6KW,Eastman,Grid Tie Inverter - 1 Phase,Single phase on-grid solar inverter 6KW,23790,,,18,5,85044090,pcs,2,10,10 Years,,goods,1,,,EGT-6K-1P:1M,active,,Apr-26-v1,Eastman Grid Tie 1 Phase,,"{""capacity_kw"": 6, ""phase"": ""1P""}",
Eastman Grid Tie Inverter 5KW 3Ph,EAS-GTI-3P-5KW,Eastman,Grid Tie Inverter - 3 Phase,Three phase on-grid solar inverter 5KW,37020,,,18,5,85044090,pcs,1,10,10 Years,,goods,1,,,ES5KWT-GT-3P:2M,active,,Apr-26-v1,Eastman Grid Tie 3 Phase,,"{""capacity_kw"": 5, ""phase"": ""3P""}",
Eastman Grid Tie Inverter 6KW 3Ph,EAS-GTI-3P-6KW,Eastman,Grid Tie Inverter - 3 Phase,Three phase on-grid solar inverter 6KW,38750,,,18,5,85044090,pcs,1,10,10 Years,,goods,1,,,ES6KWT-GT-3P:2M,active,,Apr-26-v1,Eastman Grid Tie 3 Phase,,"{""capacity_kw"": 6, ""phase"": ""3P""}",
Eastman Grid Tie Inverter 8KW 3Ph,EAS-GTI-3P-8KW,Eastman,Grid Tie Inverter - 3 Phase,Three phase on-grid solar inverter 8KW,42060,,,18,5,85044090,pcs,1,10,10 Years,,goods,1,,,ES8KWT-GT-3P:2M,active,,Apr-26-v1,Eastman Grid Tie 3 Phase,,"{""capacity_kw"": 8, ""phase"": ""3P""}",
Eastman Grid Tie Inverter 10KW 3Ph,EAS-GTI-3P-10KW,Eastman,Grid Tie Inverter - 3 Phase,Three phase on-grid solar inverter 10KW,42950,,,18,5,85044090,pcs,1,10,10 Years,,goods,1,,,ES10KWT-GT-3P:2M,active,,Apr-26-v1,Eastman Grid Tie 3 Phase,,"{""capacity_kw"": 10, ""phase"": ""3P""}",
Eastman Grid Tie Inverter 15KW 3Ph,EAS-GTI-3P-15KW,Eastman,Grid Tie Inverter - 3 Phase,Three phase on-grid solar inverter 15KW,51270,,,18,5,85044090,pcs,1,10,10 Years,,goods,1,,,ES15KWT-GT-3P:2M,active,,Apr-26-v1,Eastman Grid Tie 3 Phase,,"{""capacity_kw"": 15, ""phase"": ""3P""}",
Eastman Grid Tie Inverter 20KW 3Ph,EAS-GTI-3P-20KW,Eastman,Grid Tie Inverter - 3 Phase,Three phase on-grid solar inverter 20KW,55010,,,18,5,85044090,pcs,1,10,10 Years,,goods,1,,,ES20KWT-GT-3P:2M,active,,Apr-26-v1,Eastman Grid Tie 3 Phase,,"{""capacity_kw"": 20, ""phase"": ""3P""}",
Eastman Grid Tie Inverter 30KW 3Ph,EAS-GTI-3P-30KW,Eastman,Grid Tie Inverter - 3 Phase,Three phase on-grid solar inverter 30KW,91830,,,18,5,85044090,pcs,1,10,10 Years,,goods,1,,,ES30KWT-GT-3P:2M,active,,Apr-26-v1,Eastman Grid Tie 3 Phase,,"{""capacity_kw"": 30, ""phase"": ""3P""}",
Eastman Grid Tie Inverter 50KW 3Ph,EAS-GTI-3P-50KW,Eastman,Grid Tie Inverter - 3 Phase,Three phase on-grid solar inverter 50KW,130260,,,18,5,85044090,pcs,1,10,10 Years,,goods,1,,,EGT-50K-3P4M,active,,Apr-26-v1,Eastman Grid Tie 3 Phase,,"{""capacity_kw"": 50, ""phase"": ""3P""}",
Eastman Grid Tie Inverter 60KW 3Ph,EAS-GTI-3P-60KW,Eastman,Grid Tie Inverter - 3 Phase,Three phase on-grid solar inverter 60KW,136930,,,18,5,85044090,pcs,1,10,10 Years,,goods,1,,,EGT-60K-3P4M,active,,Apr-26-v1,Eastman Grid Tie 3 Phase,,"{""capacity_kw"": 60, ""phase"": ""3P""}",
Eastman Grid Tie Inverter 110KW 3Ph,EAS-GTI-3P-110KW,Eastman,Grid Tie Inverter - 3 Phase,Three phase on-grid solar inverter 110KW,223320,,,18,5,85044090,pcs,1,10,10 Years,,goods,1,,,EGT-110K-3P4M,active,,Apr-26-v1,Eastman Grid Tie 3 Phase,,"{""capacity_kw"": 110, ""phase"": ""3P""}",
Eastman GTI Accessory Single Phase CT 100A,EAS-GTI-ACC-CT100A,Eastman,GTI Accessory,Single Phase CT 100A,620,,,30,18,9030,pcs,10,15,1 Year,,goods,1,,,Single Phase CT 100A,active,,Apr-26-v1,Eastman GTI Accessories,,{},
Eastman GTI Accessory Three Phase Meter 150A with CT,EAS-GTI-ACC-3PM150A,Eastman,GTI Accessory,Three Phase Meter 150A with CT,9050,,,30,18,90281090,pcs,10,15,1 Year,,goods,1,,,Three Phase Meter 150A with CT,active,,Apr-26-v1,Eastman GTI Accessories,,{},
Eastman GTI Accessory GPS Dongle without SIM Recharge,EAS-GTI-ACC-GPSDGL,Eastman,GTI Accessory,GPS Dongle without SIM Recharge,1074,,,30,18,85269190,pcs,10,15,1 Year,,goods,1,,,GPS Dongle without SIM recharge,active,,Apr-26-v1,Eastman GTI Accessories,,{},
Eastman Solar Battery EM150SB 150Ah,EAS-BAT-EM150SB,Eastman,Solar Battery - Lead Acid,Eastman 150Ah solar variant lead acid tubular battery,11070,,,20,18,85072000,pcs,3,12,60+60 Months,,goods,1,,,EM150SB,active,,Apr-26-v1,Eastman Solar Battery,,"{""capacity_ah"": 150, ""voltage_v"": 12, ""chemistry"": ""Lead Acid Tubular"", ""variant"": ""Solar""}",
Eastman Solar Battery EM200SB 200Ah,EAS-BAT-EM200SB,Eastman,Solar Battery - Lead Acid,Eastman 200Ah solar variant lead acid tubular battery,13470,,,20,18,85072000,pcs,3,12,60+60 Months,,goods,1,,,EM200SB,active,,Apr-26-v1,Eastman Solar Battery,,"{""capacity_ah"": 200, ""voltage_v"": 12, ""chemistry"": ""Lead Acid Tubular"", ""variant"": ""Solar""}",
Eastman Solar Battery EM260SB 260Ah,EAS-BAT-EM260SB,Eastman,Solar Battery - Lead Acid,Eastman 260Ah solar variant lead acid tubular battery,18090,,,20,18,85072000,pcs,3,12,60+60 Months,,goods,1,,,EM260SB,active,,Apr-26-v1,Eastman Solar Battery,,"{""capacity_ah"": 260, ""voltage_v"": 12, ""chemistry"": ""Lead Acid Tubular"", ""variant"": ""Solar""}",
Eastman Solar Smart Battery EM16500SSR 150Ah,EAS-BAT-EM16500SSR,Eastman,Solar Battery - Lead Acid,Eastman 150Ah solar smart lead acid battery,9010,,,20,18,85072000,pcs,3,12,36+36 Months,,goods,1,,,EM16500SSR,active,,Apr-26-v1,Eastman Solar Smart Battery,,"{""capacity_ah"": 150, ""voltage_v"": 12, ""chemistry"": ""Lead Acid"", ""variant"": ""Solar Smart""}",
Eastman Solar Smart Battery EM22500SSR 200Ah,EAS-BAT-EM22500SSR,Eastman,Solar Battery - Lead Acid,Eastman 200Ah solar smart lead acid battery,11320,,,20,18,85072000,pcs,3,12,36+36 Months,,goods,1,,,EM22500SSR,active,,Apr-26-v1,Eastman Solar Smart Battery,,"{""capacity_ah"": 200, ""voltage_v"": 12, ""chemistry"": ""Lead Acid"", ""variant"": ""Solar Smart""}",
Eastman Wall Mounted Lithium Battery ES25.6-100LP 25.6V 100Ah,EAS-BAT-EMLIB160,Eastman,Rack / Wall Battery,Eastman lithium wall mounted battery 25.6V 100Ah,28030,,,18,18,85078000,pcs,2,12,5 Years,,goods,1,,,ES25.6-100LP,active,,Apr-26-v1,Eastman Rack Wall Lithium Battery,,"{""capacity_ah"": 100, ""voltage_v"": 25.6, ""chemistry"": ""Lithium"", ""mounting"": ""Wall"", ""rack_fitted"": ""false""}",
Eastman Wall Mounted Lithium Battery ES51.2-100LP 51.2V 100Ah,EAS-BAT-EMLIB240,Eastman,Rack / Wall Battery,Eastman lithium wall mounted battery 51.2V 100Ah,44970,,,18,18,85078000,pcs,2,12,5 Years,,goods,1,,,ES51.2-100LP,active,,Apr-26-v1,Eastman Rack Wall Lithium Battery,,"{""capacity_ah"": 100, ""voltage_v"": 51.2, ""chemistry"": ""Lithium"", ""mounting"": ""Wall"", ""rack_fitted"": ""false""}",
Eastman Rack Fitted Lithium Battery ES51.2-100BS 51.2V 100Ah,EAS-BAT-EMLIB320,Eastman,Rack / Wall Battery,Eastman lithium rack fitted battery 51.2V 100Ah,44000,,,18,18,85078000,pcs,2,12,5 Years,,goods,1,,,ES51.2-100BS,active,,Apr-26-v1,Eastman Rack Wall Lithium Battery,,"{""capacity_ah"": 100, ""voltage_v"": 51.2, ""chemistry"": ""Lithium"", ""mounting"": ""Rack"", ""rack_fitted"": ""true""}",
Eastman Lithium-Ion Solar Battery EM-LIB-160 12.8V 100Ah,EAS-BAT-EMLIB480,Eastman,Solar Battery - Lithium,Eastman lithium-ion solar battery 12.8V 100Ah,14550,,,18,18,85078000,pcs,2,12,5 Years,,goods,1,,,EM-LIB-160 Solar,active,,Apr-26-v1,Eastman Lithium-Ion Solar Battery,,"{""capacity_ah"": 100, ""voltage_v"": 12.8, ""chemistry"": ""Lithium-Ion"", ""variant"": ""Solar""}",
Eastman Lithium-Ion Solar Battery EM-LIB-240 25.6V 150Ah,EAS-BAT-LIB-240,Eastman,Solar Battery - Lithium,Eastman lithium-ion solar battery 25.6V 150Ah,23130,,,18,18,85078000,pcs,2,12,5 Years,,goods,1,,,EM-LIB-240 Solar,active,,Apr-26-v1,Eastman Lithium-Ion Solar Battery,,"{""capacity_ah"": 150, ""voltage_v"": 25.6, ""chemistry"": ""Lithium-Ion"", ""variant"": ""Solar""}",
Eastman Lithium-Ion Solar Battery EM-LIB-320 12.8V 100Ah,EAS-BAT-LIB-320,Eastman,Solar Battery - Lithium,Eastman lithium-ion solar battery 12.8V 100Ah,28100,,,18,18,85078000,pcs,2,12,5 Years,,goods,1,,,EM-LIB-320 Solar,active,,Apr-26-v1,Eastman Lithium-Ion Solar Battery,,"{""capacity_ah"": 100, ""voltage_v"": 12.8, ""chemistry"": ""Lithium-Ion"", ""variant"": ""Solar""}",
Eastman Lithium-Ion Solar Battery EM-LIB-480 25.6V 150Ah,EAS-BAT-LIB-480,Eastman,Solar Battery - Lithium,Eastman lithium-ion solar battery 25.6V 150Ah,42050,,,18,18,85078000,pcs,2,12,5 Years,,goods,1,,,EM-LIB-480 Solar,active,,Apr-26-v1,Eastman Lithium-Ion Solar Battery,,"{""capacity_ah"": 150, ""voltage_v"": 25.6, ""chemistry"": ""Lithium-Ion"", ""variant"": ""Solar""}",
Eastman EM Hybrid Inverter 3KW 1Ph Optigrid,EAS-HYB-1P-3KW,Eastman,Hybrid Inverter,Eastman Optigrid hybrid solar inverter 3KW 1P 48V lithium-ion compatible,64540,,,15,5,85044090,pcs,1,10,10 Years,,goods,1,,,EM Hybrid Inverter 3KW-1P:1M-Optigrid,active,,Apr-26-v1,Eastman Hybrid Inverters,,"{""capacity_kw"": 3, ""voltage_v"": 48, ""phase"": ""1P""}",
Eastman EM Hybrid Inverter 5KW 1Ph Optigrid,EAS-HYB-1P-5KW,Eastman,Hybrid Inverter,Eastman Optigrid hybrid solar inverter 5KW 1P 48V lithium-ion compatible,75740,,,15,5,85044090,pcs,1,10,10 Years,,goods,1,,,EM Hybrid Inverter 5KW-1P:1M-Optigrid,active,,Apr-26-v1,Eastman Hybrid Inverters,,"{""capacity_kw"": 5, ""voltage_v"": 48, ""phase"": ""1P""}",
Eastman EM Hybrid Inverter 10KW 3Ph Optigrid,EAS-HYB-3P-10KW,Eastman,Hybrid Inverter,Eastman Optigrid hybrid solar inverter 10KW 3P 48V lithium-ion compatible,157600,,,15,5,85044090,pcs,1,10,10 Years,,goods,1,,,EM Hybrid Inverter 10KW-3P:2M-Optigrid,active,,Apr-26-v1,Eastman Hybrid Inverters,,"{""capacity_kw"": 10, ""voltage_v"": 48, ""phase"": ""3P""}",
Eastman Solar Panel EMP50W 50WP Mono Perc,EAS-PAN-EMP50W,Eastman,Solar Panel / PV Module,50WP 12V Mono Perc solar panel,1360,,,12,5,85414300,pcs,10,8,25 Years,,goods,1,,,EMP50W,active,,Apr-26-v1,Eastman Solar PV Modules,,"{""wattage_w"": 50, ""voltage_dc_v"": 12, ""cell_type"": ""Mono Perc""}",
Eastman Solar Panel EMP125W 125WP Mono Perc,EAS-PAN-EMP125W,Eastman,Solar Panel / PV Module,125WP 12V Mono Perc solar panel,2760,,,12,5,85414300,pcs,10,8,25 Years,,goods,1,,,EMP125W,active,,Apr-26-v1,Eastman Solar PV Modules,,"{""wattage_w"": 125, ""voltage_dc_v"": 12, ""cell_type"": ""Mono Perc""}",
Eastman Solar Panel EMP210W 210WP Mono Perc,EAS-PAN-EMP210W,Eastman,Solar Panel / PV Module,210WP 12V Mono Perc solar panel,4100,,,12,5,85414300,pcs,10,8,25 Years,,goods,1,,,EMP210W,active,,Apr-26-v1,Eastman Solar PV Modules,,"{""wattage_w"": 210, ""voltage_dc_v"": 12, ""cell_type"": ""Mono Perc""}",
Eastman Solar Panel EBP550W Non-DCR 550WP Bi-Facial,EAS-PAN-EBP550W-NDCR,Eastman,Solar Panel / PV Module,550WP 24V Mono Perc Bi-Facial non-DCR solar panel,8440,,,12,5,85414300,pcs,10,8,25 Years,,goods,1,,,EBP550W-Non DCR,active,,Apr-26-v1,Eastman Solar PV Modules,,"{""wattage_w"": 550, ""voltage_dc_v"": 24, ""cell_type"": ""Mono Perc Bi-Facial""}",
Eastman Solar Panel G2G1770-HAD 590WP Topcon Non-DCR,EAS-PAN-G2G590W-NDCR,Eastman,Solar Panel / PV Module,590WP 24V Topcon G2G non-DCR solar panel,8730,,,12,5,85414300,pcs,10,8,25 Years,,goods,1,,,G2G1770-HAD (590W-Non DCR),active,,Apr-26-v1,Eastman Solar PV Modules,,"{""wattage_w"": 590, ""voltage_dc_v"": 24, ""cell_type"": ""Topcon G2G""}",
Eastman Solar Panel EBP500W-DCR 500WP Bi-Facial,EAS-PAN-EBP500W-DCR,Eastman,Solar Panel / PV Module,500WP 24V Mono Perc Bi-Facial DCR ALMM approved solar panel,11920,,,12,5,85414300,pcs,10,8,25 Years,,goods,1,FALSE,FALSE,EBP500W-DCR,active,,Apr-26-v1,Eastman Solar PV Modules,,"{""wattage_w"": 500, ""voltage_dc_v"": 24, ""cell_type"": ""Mono Perc Bi-Facial""}",
Eastman Solar Panel EBP550W-DCR 550WP Bi-Facial,EAS-PAN-EBP550W-DCR,Eastman,Solar Panel / PV Module,550WP 24V Mono Perc Bi-Facial DCR ALMM approved solar panel,12580,,,12,5,85414300,pcs,10,8,25 Years,,goods,1,TRUE,TRUE,EBP550W-DCR,active,,Apr-26-v1,Eastman Solar PV Modules,,"{""wattage_w"": 550, ""voltage_dc_v"": 24, ""cell_type"": ""Mono Perc Bi-Facial""}",
Eastman Solar Panel ETC Topcon 580W DCR,EAS-PAN-ETC580W-DCR,Eastman,Solar Panel / PV Module,580WP 24V Topcon G2G DCR ALMM approved solar panel,14370,,,12,5,85414300,pcs,10,8,25 Years,,goods,1,TRUE,TRUE,ETC TOPCON 580W DCR,active,,Apr-26-v1,Eastman Solar PV Modules,,"{""wattage_w"": 580, ""voltage_dc_v"": 24, ""cell_type"": ""Topcon G2G""}",
Eastman Solar Panel ETC Topcon 560W DCR,EAS-PAN-ETC560W-DCR,Eastman,Solar Panel / PV Module,560WP 24V Topcon G2G DCR ALMM approved solar panel,13820,,,12,5,85414300,pcs,10,8,25 Years,,goods,1,TRUE,TRUE,ETC TOPCON 560W DCR,active,,Apr-26-v1,Eastman Solar PV Modules,,"{""wattage_w"": 560, ""voltage_dc_v"": 24, ""cell_type"": ""Topcon G2G""}",
Solar BOS Kit(Eco) GTI 1P,EAS-BOS-ECO-GTI1P,Eastman,Solar BOS Kit,"Complete Balance of System (BOS) kit for single phase grid-tie solar installation. Includes AC/DC switchgear, cables, earthing, connectors and hardware.",10450,,,20,18,85044090,pcs,2,15,,,goods,1,,,,active,,Apr-26-v1,Eastman Solar BOS Kit,,{},
Solar BOS Kit(Eco) Accessories AC SIDE,EAS-BOS-ACC-ACSIDE,Eastman,Solar BOS Kit,"Solar ACDB single phase, IP, box size 175x118",,,,0,18,85044090,pcs,1,15,,,goods,1,,,,draft,,Apr-26-v1,Eastman Solar BOS Kit Accessories,,{},
Solar BOS Kit(Eco) Accessories DC SIDE,EAS-BOS-ACC-DCSIDE,Eastman,Solar BOS Kit,"Solar DCDB DC fuse, MCB, box size 175x118",,,,0,18,85044090,pcs,1,15,,,goods,1,,,,draft,,Apr-26-v1,Eastman Solar BOS Kit Accessories,,{},
Solar BOS Kit(Eco) Accessories DC CABLE,EAS-BOS-ACC-DCCABLE,Eastman,Solar BOS Kit,"DC wire 1C x 4MM, UV resistant, black & red",,,,0,18,85044090,mtr,30,15,,,goods,1,,,,draft,,Apr-26-v1,Eastman Solar BOS Kit Accessories,,{},
Solar BOS Kit(Eco) Accessories AC CABLE,EAS-BOS-ACC-ACCABLE,Eastman,Solar BOS Kit,"2C x 6 sq.mm aluminum, 1100V XLPE, ATR 2 core x 6 sqmm, A2XWY, IS 7098",,,,0,18,85044090,mtr,30,15,,,goods,1,,,,draft,,Apr-26-v1,Eastman Solar BOS Kit Accessories,,{},
Solar BOS Kit(Eco) Accessories EARTHING CABLE,EAS-BOS-ACC-EARTHCBL,Eastman,Solar BOS Kit,"1C x 2.5 sq.mm single core, FR green",,,,0,18,85044090,mtr,30,15,,,goods,1,,,,draft,,Apr-26-v1,Eastman Solar BOS Kit Accessories,,{},
Solar BOS Kit(Eco) Accessories MC4 CONNECTOR,EAS-BOS-ACC-MC4CON,Eastman,Solar BOS Kit,MC4 connectors 1000V DC,,,,0,18,85044090,pcs,4,15,,,goods,1,,,,draft,,Apr-26-v1,Eastman Solar BOS Kit Accessories,,{},
Solar BOS Kit(Eco) Accessories LIGHTNING ARRESTER,EAS-BOS-ACC-LTGARR,Eastman,Solar BOS Kit,"Conventional type LA 1 meter, 1.15 kg, rod dia 13mm x 1000mm, welded 5 spike",,,,0,18,85044090,pcs,1,15,,,goods,1,,,,draft,,Apr-26-v1,Eastman Solar BOS Kit Accessories,,{},
Solar BOS Kit(Eco) Accessories EARTHING ROD,EAS-BOS-ACC-EARTHROD,Eastman,Solar BOS Kit,"Copper bounded earthing rod, 1.25 kg, rod dia 13mm x 1000mm, copper bonded",,,,0,18,85044090,pcs,3,15,,,goods,1,,,,draft,,Apr-26-v1,Eastman Solar BOS Kit Accessories,,{},
Solar BOS Kit(Eco) Accessories CHEMICAL BAGS,EAS-BOS-ACC-CHEMBAG,Eastman,Solar BOS Kit,Chemical bags bentonite,,,,0,18,85044090,kg,24,15,,,goods,1,,,,draft,,Apr-26-v1,Eastman Solar BOS Kit Accessories,,{},
Solar BOS Kit(Eco) Accessories EARTH PIT COVER,EAS-BOS-ACC-EPPCOVER,Eastman,Solar BOS Kit,Earth pit cover heavy-duty 125 grm OD 158 ID 140 thickness 20mm green; bucket 500 grm height 240mm,,,,0,18,85044090,pcs,3,15,,,goods,1,,,,draft,,Apr-26-v1,Eastman Solar BOS Kit Accessories,,{},
Solar BOS Kit(Eco) Accessories CABLE TIES,EAS-BOS-ACC-CABLETIE,Eastman,Solar BOS Kit,"Nylon UV-resistant cable ties (50 nos), dis 3, 82mm, CV-300, 300 x 6.8mm",,,,0,18,85044090,pcs,100,15,,,goods,1,,,,draft,,Apr-26-v1,Eastman Solar BOS Kit Accessories,,{},
Solar BOS Kit(Eco) Accessories ELECTRIC TAPE,EAS-BOS-ACC-ELETAPE,Eastman,Solar BOS Kit,"Insulation tape weatherproof, 5 colour, 6.5 mtr",,,,0,18,85044090,pcs,5,15,,,goods,1,,,,draft,,Apr-26-v1,Eastman Solar BOS Kit Accessories,,{},
Solar BOS Kit(Eco) Accessories PU FOAM,EAS-BOS-ACC-PUFOAM,Eastman,Solar BOS Kit,"PU foam, waterproof sealing, 750 ml",,,,0,18,85044090,pcs,1,15,,,goods,1,,,,draft,,Apr-26-v1,Eastman Solar BOS Kit Accessories,,{},
Solar BOS Kit(Eco) Accessories PVC GITTI,EAS-BOS-ACC-PVCGITTI,Eastman,Solar BOS Kit,"PVC gitti, fastener for conduit",,,,0,18,85044090,pcs,50,15,,,goods,1,,,,draft,,Apr-26-v1,Eastman Solar BOS Kit Accessories,,{},
Solar BOS Kit(Eco) Accessories GI SCREW,EAS-BOS-ACC-GISCREW,Eastman,Solar BOS Kit,"GI screw, galvanized screw, 35mm",,,,0,18,85044090,pcs,50,15,,,goods,1,,,,draft,,Apr-26-v1,Eastman Solar BOS Kit Accessories,,{},
Solar BOS Kit(Eco) Accessories PVC CLIP,EAS-BOS-ACC-PVCCLIP,Eastman,Solar BOS Kit,"PVC clip, 1""",,,,0,18,85044090,pcs,24,15,,,goods,1,,,,draft,,Apr-26-v1,Eastman Solar BOS Kit Accessories,,{},
Solar BOS Kit(Eco) Accessories DANGER BOARD,EAS-BOS-ACC-DANGERBD,Eastman,Solar BOS Kit,"Danger board, electrical hazard, 0.5mm x 150x200mm, two holes, powder coated",,,,0,18,85044090,pcs,1,15,,,goods,1,,,,draft,,Apr-26-v1,Eastman Solar BOS Kit Accessories,,{},
Solar BOS Kit(Eco) Accessories HARDWARE,EAS-BOS-ACC-HARDWARE,Eastman,Solar BOS Kit,SS M6 x 25mm nut bolt with washer,,,,0,18,85044090,pcs,3,15,,,goods,1,,,,draft,,Apr-26-v1,Eastman Solar BOS Kit Accessories,,{},
Solar BOS Kit(Eco) Accessories LUGS - ALUM PIN,EAS-BOS-ACC-LUG-APIN,Eastman,Solar BOS Kit,Aluminum pin terminal lug 6SQ,,,,0,18,85044090,pcs,10,15,,,goods,1,,,,draft,,Apr-26-v1,Eastman Solar BOS Kit Accessories,,{},
Solar BOS Kit(Eco) Accessories LUGS - CU RING,EAS-BOS-ACC-LUG-CRING,Eastman,Solar BOS Kit,Copper ring terminal lug 6SQ,,,,0,18,85044090,pcs,10,15,,,goods,1,,,,draft,,Apr-26-v1,Eastman Solar BOS Kit Accessories,,{},
Solar BOS Kit(Eco) Accessories LUGS - CU PIN,EAS-BOS-ACC-LUG-CPIN,Eastman,Solar BOS Kit,Copper pin terminal lug 6SQ,,,,0,18,85044090,pcs,15,15,,,goods,1,,,,draft,,Apr-26-v1,Eastman Solar BOS Kit Accessories,,{},
Eastman Solar Pro PCU 850VA 12V,EAS-PCU-SW-PRO850,Eastman,Solar PCU - Sine Wave,Sine wave solar PCU 850VA 12V with 1100W panel support. Lithium-ION battery compatible.,4170,,,15,5,85044090,pcs,3,10,5 Years,,goods,1,,,Pro 850,active,,Apr-26-v1,Eastman Solar Pro PCU,,"{""capacity_va"": 850, ""dc_voltage_v"": 12, ""panel_support_w"": 1100}",
Eastman Solar Pro PCU 1000VA 12V,EAS-PCU-SW-PRO1000,Eastman,Solar PCU - Sine Wave,Sine wave solar PCU 1000VA 12V with 1300W panel support. Lithium-ION battery compatible.,4950,,,15,5,85044090,pcs,3,10,5 Years,,goods,1,,,Pro 1000,active,,Apr-26-v1,Eastman Solar Pro PCU,,"{""capacity_va"": 1000, ""dc_voltage_v"": 12, ""panel_support_w"": 1300}",
Eastman Solar Pro PCU 1400VA 12V,EAS-PCU-SW-PRO1400,Eastman,Solar PCU - Sine Wave,Sine wave solar PCU 1400VA 12V with 1400W panel support. Lithium-ION battery compatible.,5630,,,15,5,85044090,pcs,3,10,5 Years,,goods,1,,,Pro 1400,active,,Apr-26-v1,Eastman Solar Pro PCU,,"{""capacity_va"": 1400, ""dc_voltage_v"": 12, ""panel_support_w"": 1400}",
Eastman Solar Pro PCU 2000VA 12V,EAS-PCU-SW-PRO2000,Eastman,Solar PCU - Sine Wave,Sine wave solar PCU 2000VA 12V with 2600W panel support. Lithium-ION battery compatible.,7810,,,15,5,85044090,pcs,3,10,5 Years,,goods,1,,,Pro 2000,active,,Apr-26-v1,Eastman Solar Pro PCU,,"{""capacity_va"": 2000, ""dc_voltage_v"": 12, ""panel_support_w"": 2600}",
Eastman Solar Promax MPPT PCU 500VA 12V,EAS-PCU-MP-PMAX500,Eastman,Solar PCU - MPPT,MPPT solar PCU 500VA 12V with 650W panel support. Lithium-ION battery compatible.,4910,,,15,5,85044090,pcs,2,10,5 Years,,goods,1,,,Promax 500,active,,Apr-26-v1,Eastman Solar Promax PCU,,"{""capacity_va"": 500, ""dc_voltage_v"": 12, ""panel_support_w"": 650}",
Eastman Solar Promax MPPT PCU 1000VA 12V,EAS-PCU-MP-PMAX1000,Eastman,Solar PCU - MPPT,MPPT solar PCU 1000VA 12V with 1300W panel support. Lithium-ION battery compatible.,7050,,,15,5,85044090,pcs,2,10,5 Years,,goods,1,,,Promax 1000,active,,Apr-26-v1,Eastman Solar Promax PCU,,"{""capacity_va"": 1000, ""dc_voltage_v"": 12, ""panel_support_w"": 1300}",
Eastman Solar Promax MPPT PCU 1500VA 24V,EAS-PCU-MP-PMAX1500,Eastman,Solar PCU - MPPT,MPPT solar PCU 1500VA 24V with 1950W panel support. Lithium-ION battery compatible.,9390,,,15,5,85044090,pcs,2,10,5 Years,,goods,1,,,Promax 1500,active,,Apr-26-v1,Eastman Solar Promax PCU,,"{""capacity_va"": 1500, ""dc_voltage_v"": 24, ""panel_support_w"": 1950}",
Eastman Solar Promax MPPT PCU 2000VA 24V,EAS-PCU-MP-PMAX2000,Eastman,Solar PCU - MPPT,MPPT solar PCU 2000VA 24V with 2600W panel support. Lithium-ION battery compatible.,12410,,,15,5,85044090,pcs,2,10,5 Years,,goods,1,,,Promax 2000,active,,Apr-26-v1,Eastman Solar Promax PCU,,"{""capacity_va"": 2000, ""dc_voltage_v"": 24, ""panel_support_w"": 2600}",
Eastman Solar Promax MPPT PCU 2500VA 24V,EAS-PCU-MP-PMAX2500,Eastman,Solar PCU - MPPT,MPPT solar PCU 2500VA 24V with 3540W panel support. Lithium-ION battery compatible.,13510,,,15,5,85044090,pcs,2,10,5 Years,,goods,1,,,Promax 2500,active,,Apr-26-v1,Eastman Solar Promax PCU,,"{""capacity_va"": 2500, ""dc_voltage_v"": 24, ""panel_support_w"": 3540}",
Eastman Solar Promax MPPT PCU 3000VA 48V,EAS-PCU-MP-PMAX3000,Eastman,Solar PCU - MPPT,MPPT solar PCU 3000VA 48V with 3900W panel support. Lithium-ION battery compatible.,23010,,,15,5,85044090,pcs,2,10,5 Years,,goods,1,,,Promax 3000,active,,Apr-26-v1,Eastman Solar Promax PCU,,"{""capacity_va"": 3000, ""dc_voltage_v"": 48, ""panel_support_w"": 3900}",
Eastman Solar Promax MPPT PCU 5000VA 48V,EAS-PCU-MP-PMAX5000,Eastman,Solar PCU - MPPT,MPPT solar PCU 5000VA 48V with 6500W panel support. Lithium-ION battery compatible.,32590,,,15,5,85044090,pcs,2,10,5 Years,,goods,1,,,Promax 5000,active,,Apr-26-v1,Eastman Solar Promax PCU,,"{""capacity_va"": 5000, ""dc_voltage_v"": 48, ""panel_support_w"": 6500}",
Eastman Solar Promax MPPT PCU 5500VA 96V,EAS-PCU-MP-PMAX5500,Eastman,Solar PCU - MPPT,MPPT solar PCU 5500VA 96V with 7150W panel support. Lithium-ION battery compatible.,42500,,,15,5,85044090,pcs,2,10,5 Years,,goods,1,,,Promax 5500,active,,Apr-26-v1,Eastman Solar Promax PCU,,"{""capacity_va"": 5500, ""dc_voltage_v"": 96, ""panel_support_w"": 7150}",
Eastman Solar Promax MPPT PCU 10000VA 120V,EAS-PCU-MP-PMAX10000,Eastman,Solar PCU - MPPT,MPPT solar PCU 10000VA 120V with 12000W panel support. Lithium-ION battery compatible.,70790,,,15,5,85044090,pcs,2,10,5 Years,,goods,1,,,Promax 10000,active,,Apr-26-v1,Eastman Solar Promax PCU,,"{""capacity_va"": 10000, ""dc_voltage_v"": 120, ""panel_support_w"": 12000}",
Eastman Solar Prime PCU 850VA 12V,EAS-PCU-SW-SPRM1050,Eastman,Solar PCU - Sine Wave,Sine wave solar PCU 850VA 12V with 880W panel support. Lithium-ION battery compatible.,4070,,,15,5,85044090,pcs,3,10,3 Years,,goods,1,,,Solar Prime 1050,active,,Apr-26-v1,Eastman Solar Prime PCU,,"{""capacity_va"": 850, ""dc_voltage_v"": 12, ""panel_support_w"": 880}",
Eastman Solar Prime PCU 1050VA 12V,EAS-PCU-SW-SPRM1500,Eastman,Solar PCU - Sine Wave,Sine wave solar PCU 1050VA 12V with 1100W panel support. Lithium-ION battery compatible.,4910,,,15,5,85044090,pcs,3,10,3 Years,,goods,1,,,Solar Prime 1500,active,,Apr-26-v1,Eastman Solar Prime PCU,,"{""capacity_va"": 1050, ""dc_voltage_v"": 12, ""panel_support_w"": 1100}",
Eastman Solar Prime PCU 1300VA 12V,EAS-PCU-SW-SPRM1750,Eastman,Solar PCU - Sine Wave,Sine wave solar PCU 1300VA 12V with 1300W panel support. Lithium-ION battery compatible.,5460,,,15,5,85044090,pcs,3,10,3 Years,,goods,1,,,Solar Prime 1750,active,,Apr-26-v1,Eastman Solar Prime PCU,,"{""capacity_va"": 1300, ""dc_voltage_v"": 12, ""panel_support_w"": 1300}",
Eastman Solar Prime PCU 1500VA 24V,EAS-PCU-SW-SPRM2000,Eastman,Solar PCU - Sine Wave,Sine wave solar PCU 1500VA 24V with 1500W panel support. Lithium-ION battery compatible.,6080,,,15,5,85044090,pcs,3,10,3 Years,,goods,1,,,Solar Prime 2000,active,,Apr-26-v1,Eastman Solar Prime PCU,,"{""capacity_va"": 1500, ""dc_voltage_v"": 24, ""panel_support_w"": 1500}",
Eastman Solar Prime PCU 2000VA 24V,EAS-PCU-SW-SPRM3000,Eastman,Solar PCU - Sine Wave,Sine wave solar PCU 2000VA 24V with 2100W panel support. Lithium-ION battery compatible.,8130,,,15,5,85044090,pcs,3,10,3 Years,,goods,1,,,Solar Prime 3000,active,,Apr-26-v1,Eastman Solar Prime PCU,,"{""capacity_va"": 2000, ""dc_voltage_v"": 24, ""panel_support_w"": 2100}",
Eastman Solar Prime PCU 3000VA 24V,EAS-PCU-SW-SPRM3550,Eastman,Solar PCU - Sine Wave,Sine wave solar PCU 3000VA 24V with 3200W panel support. Lithium-ION battery compatible.,10380,,,15,5,85044090,pcs,3,10,3 Years,,goods,1,,,Solar Prime 3550,active,,Apr-26-v1,Eastman Solar Prime PCU,,"{""capacity_va"": 3000, ""dc_voltage_v"": 24, ""panel_support_w"": 3200}",
Eastman Solar PrimeMax MPPT PCU 1000VA 12V,EAS-PCU-MP-SPRMX1050,Eastman,Solar PCU - MPPT,MPPT solar PCU 1000VA 12V with 1180W panel support. Lithium-ION battery compatible.,7150,,,15,5,85044090,pcs,2,10,3 Years,,goods,1,,,Solar Prime Max 1050,active,,Apr-26-v1,Eastman Solar PrimeMax PCU,,"{""capacity_va"": 1000, ""dc_voltage_v"": 12, ""panel_support_w"": 1180}",
Eastman Solar PrimeMax MPPT PCU 1500VA 24V,EAS-PCU-MP-SPRMX2000,Eastman,Solar PCU - MPPT,MPPT solar PCU 1500VA 24V with 1770W panel support. Lithium-ION battery compatible.,8470,,,15,5,85044090,pcs,2,10,3 Years,,goods,1,,,Solar Prime Max 2000,active,,Apr-26-v1,Eastman Solar PrimeMax PCU,,"{""capacity_va"": 1500, ""dc_voltage_v"": 24, ""panel_support_w"": 1770}",
Eastman Solar PrimeMax MPPT PCU 2250VA 24V,EAS-PCU-MP-SPRMX3000,Eastman,Solar PCU - MPPT,MPPT solar PCU 2250VA 24V with 2360W panel support. Lithium-ION battery compatible.,11400,,,15,5,85044090,pcs,2,10,3 Years,,goods,1,,,Solar Prime Max 3000,active,,Apr-26-v1,Eastman Solar PrimeMax PCU,,"{""capacity_va"": 2250, ""dc_voltage_v"": 24, ""panel_support_w"": 2360}",
Eastman Solar PrimeMax MPPT PCU 3000VA 24V,EAS-PCU-MP-SPRMX3350,Eastman,Solar PCU - MPPT,MPPT solar PCU 3000VA 24V with 3540W panel support. Lithium-ION battery compatible.,13710,,,15,5,85044090,pcs,2,10,3 Years,,goods,1,,,Solar Prime Max 3350,active,,Apr-26-v1,Eastman Solar PrimeMax PCU,,"{""capacity_va"": 3000, ""dc_voltage_v"": 24, ""panel_support_w"": 3540}",
Eastman Solar PrimeMax MPPT PCU 3750VA 48V,EAS-PCU-MP-SPRMX4000,Eastman,Solar PCU - MPPT,MPPT solar PCU 3750VA 48V with 4400W panel support. Lithium-ION battery compatible.,26780,,,15,5,85044090,pcs,2,10,3 Years,,goods,1,,,Solar Prime Max 4000,active,,Apr-26-v1,Eastman Solar PrimeMax PCU,,"{""capacity_va"": 3750, ""dc_voltage_v"": 48, ""panel_support_w"": 4400}",
Eastman Solar PrimeMax MPPT PCU 5000VA 48V,EAS-PCU-MP-SPRMX6000,Eastman,Solar PCU - MPPT,MPPT solar PCU 5000VA 48V with 5500W panel support. Lithium-ION battery compatible.,36740,,,15,5,85044090,pcs,2,10,3 Years,,goods,1,,,Solar Prime Max 6000,active,,Apr-26-v1,Eastman Solar PrimeMax PCU,,"{""capacity_va"": 5000, ""dc_voltage_v"": 48, ""panel_support_w"": 5500}",
Eastman Solar PrimeMax MPPT PCU 7500VA 96V,EAS-PCU-MP-SPRMX8000,Eastman,Solar PCU - MPPT,MPPT solar PCU 7500VA 96V with 8800W panel support. Lithium-ION battery compatible.,55000,,,15,5,85044090,pcs,2,10,3 Years,,goods,1,,,Solar Prime Max 8000,active,,Apr-26-v1,Eastman Solar PrimeMax PCU,,"{""capacity_va"": 7500, ""dc_voltage_v"": 96, ""panel_support_w"": 8800}",
Eastman Solar PrimeMax MPPT PCU 10000VA 120V,EAS-PCU-MP-SPRMX11000,Eastman,Solar PCU - MPPT,MPPT solar PCU 10000VA 120V with 11800W panel support. Lithium-ION battery compatible.,69370,,,15,5,85044090,pcs,2,10,3 Years,,goods,1,,,Solar Prime Max 11000,active,,Apr-26-v1,Eastman Solar PrimeMax PCU,,"{""capacity_va"": 10000, ""dc_voltage_v"": 120, ""panel_support_w"": 11800}",
Eastman Solar Smart PCU 500VA 12V,EAS-PCU-SW-SM925,Eastman,Solar PCU - Sine Wave,Sine wave solar PCU 500VA 12V with 650W panel support. Lithium-ION battery compatible.,4440,,,15,5,85044090,pcs,3,10,5 Years,,goods,1,,,Smart 925,active,,Apr-26-v1,Eastman Solar Smart PCU,,"{""capacity_va"": 500, ""dc_voltage_v"": 12, ""panel_support_w"": 650}",
Eastman Solar Smart PCU 850VA 12V,EAS-PCU-SW-SM1250,Eastman,Solar PCU - Sine Wave,Sine wave solar PCU 850VA 12V with 1100W panel support. Lithium-ION battery compatible.,5190,,,15,5,85044090,pcs,3,10,5 Years,,goods,1,,,Smart 1250,active,,Apr-26-v1,Eastman Solar Smart PCU,,"{""capacity_va"": 850, ""dc_voltage_v"": 12, ""panel_support_w"": 1100}",
Eastman Solar Smart PCU 1000VA 12V,EAS-PCU-SW-SM1400,Eastman,Solar PCU - Sine Wave,Sine wave solar PCU 1000VA 12V with 1300W panel support. Lithium-ION battery compatible.,6260,,,15,5,85044090,pcs,3,10,5 Years,,goods,1,,,Smart 1400,active,,Apr-26-v1,Eastman Solar Smart PCU,,"{""capacity_va"": 1000, ""dc_voltage_v"": 12, ""panel_support_w"": 1300}",
Eastman Solar Smart PCU 1400VA 12V,EAS-PCU-SW-SM1800,Eastman,Solar PCU - Sine Wave,Sine wave solar PCU 1400VA 12V with 1400W panel support. Lithium-ION battery compatible.,7950,,,15,5,85044090,pcs,3,10,5 Years,,goods,1,,,Smart 1800,active,,Apr-26-v1,Eastman Solar Smart PCU,,"{""capacity_va"": 1400, ""dc_voltage_v"": 12, ""panel_support_w"": 1400}",
Eastman Solar Smart PCU 2000VA 24V,EAS-PCU-SW-SM3100,Eastman,Solar PCU - Sine Wave,Sine wave solar PCU 2000VA 24V with 2600W panel support. Lithium-ION battery compatible.,9910,,,15,5,85044090,pcs,3,10,5 Years,,goods,1,,,Smart 3100,active,,Apr-26-v1,Eastman Solar Smart PCU,,"{""capacity_va"": 2000, ""dc_voltage_v"": 24, ""panel_support_w"": 2600}",
Eastman Solar Smart PCU 2500VA 24V,EAS-PCU-SW-SM3725,Eastman,Solar PCU - Sine Wave,Sine wave solar PCU 2500VA 24V with 3200W panel support. Lithium-ION battery compatible.,12650,,,15,5,85044090,pcs,3,10,5 Years,,goods,1,,,Smart 3725,active,,Apr-26-v1,Eastman Solar Smart PCU,,"{""capacity_va"": 2500, ""dc_voltage_v"": 24, ""panel_support_w"": 3200}",
Eastman Solar SmartMax MPPT PCU 500VA 12V,EAS-PCU-MP-SMX900,Eastman,Solar PCU - MPPT,MPPT solar PCU 500VA 12V with 650W panel support. Lithium-ION battery compatible.,6120,,,15,5,85044090,pcs,2,10,5 Years,,goods,1,,,Smart Max 900,active,,Apr-26-v1,Eastman Solar SmartMax PCU,,"{""capacity_va"": 500, ""dc_voltage_v"": 12, ""panel_support_w"": 650}",
Eastman Solar SmartMax MPPT PCU 1000VA 12V,EAS-PCU-MP-SMX1400,Eastman,Solar PCU - MPPT,MPPT solar PCU 1000VA 12V with 1300W panel support. Lithium-ION battery compatible.,9100,,,15,5,85044090,pcs,2,10,5 Years,,goods,1,,,Smart Max 1400,active,,Apr-26-v1,Eastman Solar SmartMax PCU,,"{""capacity_va"": 1000, ""dc_voltage_v"": 12, ""panel_support_w"": 1300}",
Eastman Solar SmartMax MPPT PCU 1500VA 24V,EAS-PCU-MP-SMX2600,Eastman,Solar PCU - MPPT,MPPT solar PCU 1500VA 24V with 1950W panel support. Lithium-ION battery compatible.,10490,,,15,5,85044090,pcs,2,10,5 Years,,goods,1,,,Smart Max 2600,active,,Apr-26-v1,Eastman Solar SmartMax PCU,,"{""capacity_va"": 1500, ""dc_voltage_v"": 24, ""panel_support_w"": 1950}",
Eastman Solar SmartMax MPPT PCU 2000VA 24V,EAS-PCU-MP-SMX3100,Eastman,Solar PCU - MPPT,MPPT solar PCU 2000VA 24V with 2600W panel support. Lithium-ION battery compatible.,12340,,,15,5,85044090,pcs,2,10,5 Years,,goods,1,,,Smart Max 3100,active,,Apr-26-v1,Eastman Solar SmartMax PCU,,"{""capacity_va"": 2000, ""dc_voltage_v"": 24, ""panel_support_w"": 2600}",
Eastman Solar SmartMax MPPT PCU 2500VA 24V,EAS-PCU-MP-SMX3600,Eastman,Solar PCU - MPPT,MPPT solar PCU 2500VA 24V with 3540W panel support. Lithium-ION battery compatible.,18510,,,15,5,85044090,pcs,2,10,5 Years,,goods,1,,,Smart Max 3600,active,,Apr-26-v1,Eastman Solar SmartMax PCU,,"{""capacity_va"": 2500, ""dc_voltage_v"": 24, ""panel_support_w"": 3540}",
Eastman Solar SmartMax MPPT PCU 3000VA 48V,EAS-PCU-MP-SMX4100,Eastman,Solar PCU - MPPT,MPPT solar PCU 3000VA 48V with 3900W panel support. Lithium-ION battery compatible.,32450,,,15,5,85044090,pcs,2,10,5 Years,,goods,1,,,Smart Max 4100,active,,Apr-26-v1,Eastman Solar SmartMax PCU,,"{""capacity_va"": 3000, ""dc_voltage_v"": 48, ""panel_support_w"": 3900}",
Eastman Solar SmartMax MPPT PCU 5000VA 48V,EAS-PCU-MP-SMX6100,Eastman,Solar PCU - MPPT,MPPT solar PCU 5000VA 48V with 6500W panel support. Lithium-ION battery compatible.,36480,,,15,5,85044090,pcs,2,10,5 Years,,goods,1,,,Smart Max 6100,active,,Apr-26-v1,Eastman Solar SmartMax PCU,,"{""capacity_va"": 5000, ""dc_voltage_v"": 48, ""panel_support_w"": 6500}",
Eastman Solar SmartMax MPPT PCU 5500VA 96V,EAS-PCU-MP-SMX6600,Eastman,Solar PCU - MPPT,MPPT solar PCU 5500VA 96V with 7150W panel support. Lithium-ION battery compatible.,60220,,,15,5,85044090,pcs,2,10,5 Years,,goods,1,,,Smart Max 6600,active,,Apr-26-v1,Eastman Solar SmartMax PCU,,"{""capacity_va"": 5500, ""dc_voltage_v"": 96, ""panel_support_w"": 7150}",
Eastman Solar SmartMax MPPT PCU 10000VA 120V,EAS-PCU-MP-SMX11100,Eastman,Solar PCU - MPPT,MPPT solar PCU 10000VA 120V with 12000W panel support. Lithium-ION battery compatible.,75190,,,15,5,85044090,pcs,2,10,5 Years,,goods,1,,,Smart Max 11100,active,,Apr-26-v1,Eastman Solar SmartMax PCU,,"{""capacity_va"": 10000, ""dc_voltage_v"": 120, ""panel_support_w"": 12000}",
Eastman EBP500W-DCR 500WP DCR Pallet 2P [South-East],EAS-PAN-EBP500W-DCR-PLT-SE-2P,Eastman,Solar Panel / PV Module,500WP 24V Mono Perc Bi-Facial DCR solar panel pallet pricing — advance billing. Min 2 pallet(s). Applicable: South-East states.,11650,,,12,5,85414300,pcs,52,8,25 Years,,goods,1,TRUE,TRUE,EBP500W-DCR,active,"WB,NE,OR,AP,TS,KA,KL,TN",Apr-26-v1,Eastman Solar PV Modules Pallet,,"{""wattage_w"": 500, ""voltage_dc_v"": 24, ""cell_type"": ""Mono Perc Bi-Facial"", ""pallet_min_count"": 2, ""billing"": ""Advance""}",
Eastman EBP500W-DCR 500WP DCR Pallet 4P [South-East],EAS-PAN-EBP500W-DCR-PLT-SE-4P,Eastman,Solar Panel / PV Module,500WP 24V Mono Perc Bi-Facial DCR solar panel pallet pricing — advance billing. Min 4 pallet(s). Applicable: South-East states.,11480,,,12,5,85414300,pcs,104,8,25 Years,,goods,1,TRUE,TRUE,EBP500W-DCR,active,"WB,NE,OR,AP,TS,KA,KL,TN",Apr-26-v1,Eastman Solar PV Modules Pallet,,"{""wattage_w"": 500, ""voltage_dc_v"": 24, ""cell_type"": ""Mono Perc Bi-Facial"", ""pallet_min_count"": 4, ""billing"": ""Advance""}",
Eastman EBP500W-DCR 500WP DCR Pallet 8P [South-East],EAS-PAN-EBP500W-DCR-PLT-SE-8P,Eastman,Solar Panel / PV Module,500WP 24V Mono Perc Bi-Facial DCR solar panel pallet pricing — advance billing. Min 8 pallet(s). Applicable: South-East states.,11410,,,12,5,85414300,pcs,208,8,25 Years,,goods,1,TRUE,TRUE,EBP500W-DCR,active,"WB,NE,OR,AP,TS,KA,KL,TN",Apr-26-v1,Eastman Solar PV Modules Pallet,,"{""wattage_w"": 500, ""voltage_dc_v"": 24, ""cell_type"": ""Mono Perc Bi-Facial"", ""pallet_min_count"": 8, ""billing"": ""Advance""}",
Eastman EBP550W-DCR 550WP DCR Pallet 2P [South-East],EAS-PAN-EBP550W-DCR-PLT-SE-2P,Eastman,Solar Panel / PV Module,550WP 24V Mono Perc Bi-Facial DCR solar panel pallet pricing — advance billing. Min 2 pallet(s). Applicable: South-East states.,12309,,,12,5,85414300,pcs,52,8,25 Years,,goods,1,TRUE,TRUE,EBP550W-DCR,active,"WB,NE,OR,AP,TS,KA,KL,TN",Apr-26-v1,Eastman Solar PV Modules Pallet,,"{""wattage_w"": 550, ""voltage_dc_v"": 24, ""cell_type"": ""Mono Perc Bi-Facial"", ""pallet_min_count"": 2, ""billing"": ""Advance""}",
Eastman EBP550W-DCR 550WP DCR Pallet 4P [South-East],EAS-PAN-EBP550W-DCR-PLT-SE-4P,Eastman,Solar Panel / PV Module,550WP 24V Mono Perc Bi-Facial DCR solar panel pallet pricing — advance billing. Min 4 pallet(s). Applicable: South-East states.,12117,,,12,5,85414300,pcs,104,8,25 Years,,goods,1,TRUE,TRUE,EBP550W-DCR,active,"WB,NE,OR,AP,TS,KA,KL,TN",Apr-26-v1,Eastman Solar PV Modules Pallet,,"{""wattage_w"": 550, ""voltage_dc_v"": 24, ""cell_type"": ""Mono Perc Bi-Facial"", ""pallet_min_count"": 4, ""billing"": ""Advance""}",
Eastman EBP550W-DCR 550WP DCR Pallet 8P [South-East],EAS-PAN-EBP550W-DCR-PLT-SE-8P,Eastman,Solar Panel / PV Module,550WP 24V Mono Perc Bi-Facial DCR solar panel pallet pricing — advance billing. Min 8 pallet(s). Applicable: South-East states.,12034,,,12,5,85414300,pcs,208,8,25 Years,,goods,1,TRUE,TRUE,EBP550W-DCR,active,"WB,NE,OR,AP,TS,KA,KL,TN",Apr-26-v1,Eastman Solar PV Modules Pallet,,"{""wattage_w"": 550, ""voltage_dc_v"": 24, ""cell_type"": ""Mono Perc Bi-Facial"", ""pallet_min_count"": 8, ""billing"": ""Advance""}",
Eastman G2G1740-HAD 580WP DCR Pallet 2P [South-East],EAS-PAN-G2G580W-DCR-PLT-SE-2P,Eastman,Solar Panel / PV Module,580WP 24V Topcon G2G DCR solar panel pallet pricing — advance billing. Min 2 pallet(s). Applicable: South-East states.,14013,,,12,5,85414300,pcs,52,8,25 Years,,goods,1,TRUE,TRUE,G2G1740-HAD,active,"WB,NE,OR,AP,TS,KA,KL,TN",Apr-26-v1,Eastman Solar PV Modules Pallet,,"{""wattage_w"": 580, ""voltage_dc_v"": 24, ""cell_type"": ""Topcon G2G"", ""pallet_min_count"": 2, ""billing"": ""Advance""}",
Eastman G2G1740-HAD 580WP DCR Pallet 4P [South-East],EAS-PAN-G2G580W-DCR-PLT-SE-4P,Eastman,Solar Panel / PV Module,580WP 24V Topcon G2G DCR solar panel pallet pricing — advance billing. Min 4 pallet(s). Applicable: South-East states.,13816,,,12,5,85414300,pcs,104,8,25 Years,,goods,1,TRUE,TRUE,G2G1740-HAD,active,"WB,NE,OR,AP,TS,KA,KL,TN",Apr-26-v1,Eastman Solar PV Modules Pallet,,"{""wattage_w"": 580, ""voltage_dc_v"": 24, ""cell_type"": ""Topcon G2G"", ""pallet_min_count"": 4, ""billing"": ""Advance""}",
Eastman G2G1740-HAD 580WP DCR Pallet 8P [South-East],EAS-PAN-G2G580W-DCR-PLT-SE-8P,Eastman,Solar Panel / PV Module,580WP 24V Topcon G2G DCR solar panel pallet pricing — advance billing. Min 8 pallet(s). Applicable: South-East states.,13734,,,12,5,85414300,pcs,208,8,25 Years,,goods,1,TRUE,TRUE,G2G1740-HAD,active,"WB,NE,OR,AP,TS,KA,KL,TN",Apr-26-v1,Eastman Solar PV Modules Pallet,,"{""wattage_w"": 580, ""voltage_dc_v"": 24, ""cell_type"": ""Topcon G2G"", ""pallet_min_count"": 8, ""billing"": ""Advance""}",
Eastman ETC144HCGG560 TOPCON DCR 32P 560WP DCR Pallet 2P [South-East],EAS-PAN-ETC560W-DCR-PLT-SE-2P,Eastman,Solar Panel / PV Module,560WP 24V Topcon G2G DCR solar panel pallet pricing — advance billing. Min 2 pallet(s). Applicable: South-East states.,13530,,,12,5,85414300,pcs,52,8,25 Years,,goods,1,TRUE,TRUE,ETC144HCGG560 TOPCON DCR 32P,active,"WB,NE,OR,AP,TS,KA,KL,TN",Apr-26-v1,Eastman Solar PV Modules Pallet,,"{""wattage_w"": 560, ""voltage_dc_v"": 24, ""cell_type"": ""Topcon G2G"", ""pallet_min_count"": 2, ""billing"": ""Advance""}",
Eastman ETC144HCGG560 TOPCON DCR 32P 560WP DCR Pallet 4P [South-East],EAS-PAN-ETC560W-DCR-PLT-SE-4P,Eastman,Solar Panel / PV Module,560WP 24V Topcon G2G DCR solar panel pallet pricing — advance billing. Min 4 pallet(s). Applicable: South-East states.,13339,,,12,5,85414300,pcs,104,8,25 Years,,goods,1,TRUE,TRUE,ETC144HCGG560 TOPCON DCR 32P,active,"WB,NE,OR,AP,TS,KA,KL,TN",Apr-26-v1,Eastman Solar PV Modules Pallet,,"{""wattage_w"": 560, ""voltage_dc_v"": 24, ""cell_type"": ""Topcon G2G"", ""pallet_min_count"": 4, ""billing"": ""Advance""}",
Eastman ETC144HCGG560 TOPCON DCR 32P 560WP DCR Pallet 8P [South-East],EAS-PAN-ETC560W-DCR-PLT-SE-8P,Eastman,Solar Panel / PV Module,560WP 24V Topcon G2G DCR solar panel pallet pricing — advance billing. Min 8 pallet(s). Applicable: South-East states.,13261,,,12,5,85414300,pcs,208,8,25 Years,,goods,1,TRUE,TRUE,ETC144HCGG560 TOPCON DCR 32P,active,"WB,NE,OR,AP,TS,KA,KL,TN",Apr-26-v1,Eastman Solar PV Modules Pallet,,"{""wattage_w"": 560, ""voltage_dc_v"": 24, ""cell_type"": ""Topcon G2G"", ""pallet_min_count"": 8, ""billing"": ""Advance""}",
Eastman EBP500W-DCR 500WP DCR Pallet 2P [North],EAS-PAN-EBP500W-DCR-PLT-N-2P,Eastman,Solar Panel / PV Module,500WP 24V Mono Perc Bi-Facial DCR solar panel pallet pricing — advance billing. Min 2 pallet(s). Applicable: North states.,11550,,,12,5,85414300,pcs,52,8,25 Years,,goods,1,TRUE,TRUE,EBP500W-DCR,active,"HR,HP,PB,RJ,UP,UK,BH,JH,MP,CG,MH,GJ,GA",Apr-26-v1,Eastman Solar PV Modules Pallet,,"{""wattage_w"": 500, ""voltage_dc_v"": 24, ""cell_type"": ""Mono Perc Bi-Facial"", ""pallet_min_count"": 2, ""billing"": ""Advance""}",
Eastman EBP500W-DCR 500WP DCR Pallet 4P [North],EAS-PAN-EBP500W-DCR-PLT-N-4P,Eastman,Solar Panel / PV Module,500WP 24V Mono Perc Bi-Facial DCR solar panel pallet pricing — advance billing. Min 4 pallet(s). Applicable: North states.,11380,,,12,5,85414300,pcs,104,8,25 Years,,goods,1,TRUE,TRUE,EBP500W-DCR,active,"HR,HP,PB,RJ,UP,UK,BH,JH,MP,CG,MH,GJ,GA",Apr-26-v1,Eastman Solar PV Modules Pallet,,"{""wattage_w"": 500, ""voltage_dc_v"": 24, ""cell_type"": ""Mono Perc Bi-Facial"", ""pallet_min_count"": 4, ""billing"": ""Advance""}",
Eastman EBP500W-DCR 500WP DCR Pallet 8P [North],EAS-PAN-EBP500W-DCR-PLT-N-8P,Eastman,Solar Panel / PV Module,500WP 24V Mono Perc Bi-Facial DCR solar panel pallet pricing — advance billing. Min 8 pallet(s). Applicable: North states.,11310,,,12,5,85414300,pcs,208,8,25 Years,,goods,1,TRUE,TRUE,EBP500W-DCR,active,"HR,HP,PB,RJ,UP,UK,BH,JH,MP,CG,MH,GJ,GA",Apr-26-v1,Eastman Solar PV Modules Pallet,,"{""wattage_w"": 500, ""voltage_dc_v"": 24, ""cell_type"": ""Mono Perc Bi-Facial"", ""pallet_min_count"": 8, ""billing"": ""Advance""}",
Eastman EBP550W-DCR 550WP DCR Pallet 2P [North],EAS-PAN-EBP550W-DCR-PLT-N-2P,Eastman,Solar Panel / PV Module,550WP 24V Mono Perc Bi-Facial DCR solar panel pallet pricing — advance billing. Min 2 pallet(s). Applicable: North states.,12199,,,12,5,85414300,pcs,52,8,25 Years,,goods,1,TRUE,TRUE,EBP550W-DCR,active,"HR,HP,PB,RJ,UP,UK,BH,JH,MP,CG,MH,GJ,GA",Apr-26-v1,Eastman Solar PV Modules Pallet,,"{""wattage_w"": 550, ""voltage_dc_v"": 24, ""cell_type"": ""Mono Perc Bi-Facial"", ""pallet_min_count"": 2, ""billing"": ""Advance""}",
Eastman EBP550W-DCR 550WP DCR Pallet 4P [North],EAS-PAN-EBP550W-DCR-PLT-N-4P,Eastman,Solar Panel / PV Module,550WP 24V Mono Perc Bi-Facial DCR solar panel pallet pricing — advance billing. Min 4 pallet(s). Applicable: North states.,12007,,,12,5,85414300,pcs,104,8,25 Years,,goods,1,TRUE,TRUE,EBP550W-DCR,active,"HR,HP,PB,RJ,UP,UK,BH,JH,MP,CG,MH,GJ,GA",Apr-26-v1,Eastman Solar PV Modules Pallet,,"{""wattage_w"": 550, ""voltage_dc_v"": 24, ""cell_type"": ""Mono Perc Bi-Facial"", ""pallet_min_count"": 4, ""billing"": ""Advance""}",
Eastman EBP550W-DCR 550WP DCR Pallet 8P [North],EAS-PAN-EBP550W-DCR-PLT-N-8P,Eastman,Solar Panel / PV Module,550WP 24V Mono Perc Bi-Facial DCR solar panel pallet pricing — advance billing. Min 8 pallet(s). Applicable: North states.,11924,,,12,5,85414300,pcs,208,8,25 Years,,goods,1,TRUE,TRUE,EBP550W-DCR,active,"HR,HP,PB,RJ,UP,UK,BH,JH,MP,CG,MH,GJ,GA",Apr-26-v1,Eastman Solar PV Modules Pallet,,"{""wattage_w"": 550, ""voltage_dc_v"": 24, ""cell_type"": ""Mono Perc Bi-Facial"", ""pallet_min_count"": 8, ""billing"": ""Advance""}",
Eastman G2G1740-HAD 580WP DCR Pallet 2P [North],EAS-PAN-G2G580W-DCR-PLT-N-2P,Eastman,Solar Panel / PV Module,580WP 24V Topcon G2G DCR solar panel pallet pricing — advance billing. Min 2 pallet(s). Applicable: North states.,13897,,,12,5,85414300,pcs,52,8,25 Years,,goods,1,TRUE,TRUE,G2G1740-HAD,active,"HR,HP,PB,RJ,UP,UK,BH,JH,MP,CG,MH,GJ,GA",Apr-26-v1,Eastman Solar PV Modules Pallet,,"{""wattage_w"": 580, ""voltage_dc_v"": 24, ""cell_type"": ""Topcon G2G"", ""pallet_min_count"": 2, ""billing"": ""Advance""}",
Eastman G2G1740-HAD 580WP DCR Pallet 4P [North],EAS-PAN-G2G580W-DCR-PLT-N-4P,Eastman,Solar Panel / PV Module,580WP 24V Topcon G2G DCR solar panel pallet pricing — advance billing. Min 4 pallet(s). Applicable: North states.,13700,,,12,5,85414300,pcs,104,8,25 Years,,goods,1,TRUE,TRUE,G2G1740-HAD,active,"HR,HP,PB,RJ,UP,UK,BH,JH,MP,CG,MH,GJ,GA",Apr-26-v1,Eastman Solar PV Modules Pallet,,"{""wattage_w"": 580, ""voltage_dc_v"": 24, ""cell_type"": ""Topcon G2G"", ""pallet_min_count"": 4, ""billing"": ""Advance""}",
Eastman G2G1740-HAD 580WP DCR Pallet 8P [North],EAS-PAN-G2G580W-DCR-PLT-N-8P,Eastman,Solar Panel / PV Module,580WP 24V Topcon G2G DCR solar panel pallet pricing — advance billing. Min 8 pallet(s). Applicable: North states.,13618,,,12,5,85414300,pcs,208,8,25 Years,,goods,1,TRUE,TRUE,G2G1740-HAD,active,"HR,HP,PB,RJ,UP,UK,BH,JH,MP,CG,MH,GJ,GA",Apr-26-v1,Eastman Solar PV Modules Pallet,,"{""wattage_w"": 580, ""voltage_dc_v"": 24, ""cell_type"": ""Topcon G2G"", ""pallet_min_count"": 8, ""billing"": ""Advance""}",
Eastman ETC144HCGG560 TOPCON DCR 32P 560WP DCR Pallet 2P [North],EAS-PAN-ETC560W-DCR-PLT-N-2P,Eastman,Solar Panel / PV Module,560WP 24V Topcon G2G DCR solar panel pallet pricing — advance billing. Min 2 pallet(s). Applicable: North states.,13418,,,12,5,85414300,pcs,52,8,25 Years,,goods,1,TRUE,TRUE,ETC144HCGG560 TOPCON DCR 32P,active,"HR,HP,PB,RJ,UP,UK,BH,JH,MP,CG,MH,GJ,GA",Apr-26-v1,Eastman Solar PV Modules Pallet,,"{""wattage_w"": 560, ""voltage_dc_v"": 24, ""cell_type"": ""Topcon G2G"", ""pallet_min_count"": 2, ""billing"": ""Advance""}",
Eastman ETC144HCGG560 TOPCON DCR 32P 560WP DCR Pallet 4P [North],EAS-PAN-ETC560W-DCR-PLT-N-4P,Eastman,Solar Panel / PV Module,560WP 24V Topcon G2G DCR solar panel pallet pricing — advance billing. Min 4 pallet(s). Applicable: North states.,13227,,,12,5,85414300,pcs,104,8,25 Years,,goods,1,TRUE,TRUE,ETC144HCGG560 TOPCON DCR 32P,active,"HR,HP,PB,RJ,UP,UK,BH,JH,MP,CG,MH,GJ,GA",Apr-26-v1,Eastman Solar PV Modules Pallet,,"{""wattage_w"": 560, ""voltage_dc_v"": 24, ""cell_type"": ""Topcon G2G"", ""pallet_min_count"": 4, ""billing"": ""Advance""}",
Eastman ETC144HCGG560 TOPCON DCR 32P 560WP DCR Pallet 8P [North],EAS-PAN-ETC560W-DCR-PLT-N-8P,Eastman,Solar Panel / PV Module,560WP 24V Topcon G2G DCR solar panel pallet pricing — advance billing. Min 8 pallet(s). Applicable: North states.,13149,,,12,5,85414300,pcs,208,8,25 Years,,goods,1,TRUE,TRUE,ETC144HCGG560 TOPCON DCR 32P,active,"HR,HP,PB,RJ,UP,UK,BH,JH,MP,CG,MH,GJ,GA",Apr-26-v1,Eastman Solar PV Modules Pallet,,"{""wattage_w"": 560, ""voltage_dc_v"": 24, ""cell_type"": ""Topcon G2G"", ""pallet_min_count"": 8, ""billing"": ""Advance""}",
Eastman Solar Lith Combo EM SS 1250-12VLFP-160EMP210W,EAS-CMB-EMSS1250-12VLFP-160EMP210W,Eastman,Solar Combo / SPGS,Solar Lithium combo: PCU EM SS 1250-12V + 1x LFP-160 LFP battery + EMP210W solar panel(s).,23110,,,15,5,85044090,pcs,1,10,,,goods,1,,,EM SS 1250-12VLFP-160EMP210W,active,,Apr-26-v1,Eastman Solar Lith Combo,,"{""pcu_model"": ""EM SS 1250-12V"", ""battery_model"": ""LFP-160"", ""battery_qty"": 1, ""panel_model"": ""EMP210W"", ""panel_qty"": 1}",
Eastman Solar Lith Combo EM SS 1400-12VLFP-160EMP210W,EAS-CMB-EMSS1400-12VLFP-160EMP210W,Eastman,Solar Combo / SPGS,Solar Lithium combo: PCU EM SS 1400-12V + 1x LFP-160 LFP battery + EMP210W solar panel(s).,24180,,,15,5,85044090,pcs,1,10,,,goods,1,,,EM SS 1400-12VLFP-160EMP210W,active,,Apr-26-v1,Eastman Solar Lith Combo,,"{""pcu_model"": ""EM SS 1400-12V"", ""battery_model"": ""LFP-160"", ""battery_qty"": 1, ""panel_model"": ""EMP210W"", ""panel_qty"": 1}",
Eastman Solar Lith Combo EM SS 1800-12VLFP-160EMP210W,EAS-CMB-EMSS1800-12VLFP-160EMP210W,Eastman,Solar Combo / SPGS,Solar Lithium combo: PCU EM SS 1800-12V + 1x LFP-160 LFP battery + EMP210W solar panel(s).,25870,,,15,5,85044090,pcs,1,10,,,goods,1,,,EM SS 1800-12VLFP-160EMP210W,active,,Apr-26-v1,Eastman Solar Lith Combo,,"{""pcu_model"": ""EM SS 1800-12V"", ""battery_model"": ""LFP-160"", ""battery_qty"": 1, ""panel_model"": ""EMP210W"", ""panel_qty"": 1}",
Eastman Solar Lith Combo EM SS 925-12VLFP-160EMP210W,EAS-CMB-EMSS925-12VLFP-160EMP210W,Eastman,Solar Combo / SPGS,Solar Lithium combo: PCU EM SS 925-12V + 1x LFP-160 LFP battery + EMP210W solar panel(s).,22360,,,15,5,85044090,pcs,1,10,,,goods,1,,,EM SS 925-12VLFP-160EMP210W,active,,Apr-26-v1,Eastman Solar Lith Combo,,"{""pcu_model"": ""EM SS 925-12V"", ""battery_model"": ""LFP-160"", ""battery_qty"": 1, ""panel_model"": ""EMP210W"", ""panel_qty"": 1}",
Eastman Solar Lith Combo EM SSM 900-12VLFP-160EMP210W,EAS-CMB-EMSSM900-12VLFP-160EMP210W,Eastman,Solar Combo / SPGS,Solar Lithium combo: PCU EM SSM 900-12V + 1x LFP-160 LFP battery + EMP210W solar panel(s).,24040,,,15,5,85044090,pcs,1,10,,,goods,1,,,EM SSM 900-12VLFP-160EMP210W,active,,Apr-26-v1,Eastman Solar Lith Combo,,"{""pcu_model"": ""EM SSM 900-12V"", ""battery_model"": ""LFP-160"", ""battery_qty"": 1, ""panel_model"": ""EMP210W"", ""panel_qty"": 1}",
Eastman Solar Lith Combo EM SSM 1400-12VLFP-160EMP210W,EAS-CMB-EMSSM1400-12VLFP-160EMP210W,Eastman,Solar Combo / SPGS,Solar Lithium combo: PCU EM SSM 1400-12V + 1x LFP-160 LFP battery + EMP210W solar panel(s).,27020,,,15,5,85044090,pcs,1,10,,,goods,1,,,EM SSM 1400-12VLFP-160EMP210W,active,,Apr-26-v1,Eastman Solar Lith Combo,,"{""pcu_model"": ""EM SSM 1400-12V"", ""battery_model"": ""LFP-160"", ""battery_qty"": 1, ""panel_model"": ""EMP210W"", ""panel_qty"": 1}",
Eastman Solar Lith Combo EM SS 1250-12VLFP-160EMP125W,EAS-CMB-EMSS1250-12VLFP-160EMP125W,Eastman,Solar Combo / SPGS,Solar Lithium combo: PCU EM SS 1250-12V + 1x LFP-160 LFP battery + EMP125W solar panel(s).,21770,,,15,5,85044090,pcs,1,10,,,goods,1,,,EM SS 1250-12VLFP-160EMP125W,active,,Apr-26-v1,Eastman Solar Lith Combo,,"{""pcu_model"": ""EM SS 1250-12V"", ""battery_model"": ""LFP-160"", ""battery_qty"": 1, ""panel_model"": ""EMP125W"", ""panel_qty"": 1}",
Eastman Solar Lith Combo EM SS 1400-12VLFP-160EMP125W,EAS-CMB-EMSS1400-12VLFP-160EMP125W,Eastman,Solar Combo / SPGS,Solar Lithium combo: PCU EM SS 1400-12V + 1x LFP-160 LFP battery + EMP125W solar panel(s).,22840,,,15,5,85044090,pcs,1,10,,,goods,1,,,EM SS 1400-12VLFP-160EMP125W,active,,Apr-26-v1,Eastman Solar Lith Combo,,"{""pcu_model"": ""EM SS 1400-12V"", ""battery_model"": ""LFP-160"", ""battery_qty"": 1, ""panel_model"": ""EMP125W"", ""panel_qty"": 1}",
Eastman Solar Lith Combo EM SS 1800-12VLFP-160EMP125W,EAS-CMB-EMSS1800-12VLFP-160EMP125W,Eastman,Solar Combo / SPGS,Solar Lithium combo: PCU EM SS 1800-12V + 1x LFP-160 LFP battery + EMP125W solar panel(s).,24530,,,15,5,85044090,pcs,1,10,,,goods,1,,,EM SS 1800-12VLFP-160EMP125W,active,,Apr-26-v1,Eastman Solar Lith Combo,,"{""pcu_model"": ""EM SS 1800-12V"", ""battery_model"": ""LFP-160"", ""battery_qty"": 1, ""panel_model"": ""EMP125W"", ""panel_qty"": 1}",
Eastman Solar Lith Combo EM SS 925-12VLFP-160EMP125W,EAS-CMB-EMSS925-12VLFP-160EMP125W,Eastman,Solar Combo / SPGS,Solar Lithium combo: PCU EM SS 925-12V + 1x LFP-160 LFP battery + EMP125W solar panel(s).,21020,,,15,5,85044090,pcs,1,10,,,goods,1,,,EM SS 925-12VLFP-160EMP125W,active,,Apr-26-v1,Eastman Solar Lith Combo,,"{""pcu_model"": ""EM SS 925-12V"", ""battery_model"": ""LFP-160"", ""battery_qty"": 1, ""panel_model"": ""EMP125W"", ""panel_qty"": 1}",
Eastman Solar Lith Combo EM SSM 900-12VLFP-160EMP125W,EAS-CMB-EMSSM900-12VLFP-160EMP125W,Eastman,Solar Combo / SPGS,Solar Lithium combo: PCU EM SSM 900-12V + 1x LFP-160 LFP battery + EMP125W solar panel(s).,22700,,,15,5,85044090,pcs,1,10,,,goods,1,,,EM SSM 900-12VLFP-160EMP125W,active,,Apr-26-v1,Eastman Solar Lith Combo,,"{""pcu_model"": ""EM SSM 900-12V"", ""battery_model"": ""LFP-160"", ""battery_qty"": 1, ""panel_model"": ""EMP125W"", ""panel_qty"": 1}",
Eastman Solar Lith Combo EM SSM 1400-12VLFP-160EMP125W,EAS-CMB-EMSSM1400-12VLFP-160EMP125W,Eastman,Solar Combo / SPGS,Solar Lithium combo: PCU EM SSM 1400-12V + 1x LFP-160 LFP battery + EMP125W solar panel(s).,25680,,,15,5,85044090,pcs,1,10,,,goods,1,,,EM SSM 1400-12VLFP-160EMP125W,active,,Apr-26-v1,Eastman Solar Lith Combo,,"{""pcu_model"": ""EM SSM 1400-12V"", ""battery_model"": ""LFP-160"", ""battery_qty"": 1, ""panel_model"": ""EMP125W"", ""panel_qty"": 1}",
Eastman Solar Lith Combo EM SS 1250-12VLFP-240EMP210W,EAS-CMB-EMSS1250-12VLFP-240EMP210W,Eastman,Solar Combo / SPGS,Solar Lithium combo: PCU EM SS 1250-12V + 1x LFP-240 LFP battery + EMP210W solar panel(s).,31265,,,15,5,85044090,pcs,1,10,,,goods,1,,,EM SS 1250-12VLFP-240EMP210W,active,,Apr-26-v1,Eastman Solar Lith Combo,,"{""pcu_model"": ""EM SS 1250-12V"", ""battery_model"": ""LFP-240"", ""battery_qty"": 1, ""panel_model"": ""EMP210W"", ""panel_qty"": 1}",
Eastman Solar Lith Combo EM SS 1400-12VLFP-240EMP210W,EAS-CMB-EMSS1400-12VLFP-240EMP210W,Eastman,Solar Combo / SPGS,Solar Lithium combo: PCU EM SS 1400-12V + 1x LFP-240 LFP battery + EMP210W solar panel(s).,32335,,,15,5,85044090,pcs,1,10,,,goods,1,,,EM SS 1400-12VLFP-240EMP210W,active,,Apr-26-v1,Eastman Solar Lith Combo,,"{""pcu_model"": ""EM SS 1400-12V"", ""battery_model"": ""LFP-240"", ""battery_qty"": 1, ""panel_model"": ""EMP210W"", ""panel_qty"": 1}",
Eastman Solar Lith Combo EM SS 1800-12VLFP-240EMP210W,EAS-CMB-EMSS1800-12VLFP-240EMP210W,Eastman,Solar Combo / SPGS,Solar Lithium combo: PCU EM SS 1800-12V + 1x LFP-240 LFP battery + EMP210W solar panel(s).,34025,,,15,5,85044090,pcs,1,10,,,goods,1,,,EM SS 1800-12VLFP-240EMP210W,active,,Apr-26-v1,Eastman Solar Lith Combo,,"{""pcu_model"": ""EM SS 1800-12V"", ""battery_model"": ""LFP-240"", ""battery_qty"": 1, ""panel_model"": ""EMP210W"", ""panel_qty"": 1}",
Eastman Solar Lith Combo EM SS 925-12VLFP-240EMP210W,EAS-CMB-EMSS925-12VLFP-240EMP210W,Eastman,Solar Combo / SPGS,Solar Lithium combo: PCU EM SS 925-12V + 1x LFP-240 LFP battery + EMP210W solar panel(s).,30515,,,15,5,85044090,pcs,1,10,,,goods,1,,,EM SS 925-12VLFP-240EMP210W,active,,Apr-26-v1,Eastman Solar Lith Combo,,"{""pcu_model"": ""EM SS 925-12V"", ""battery_model"": ""LFP-240"", ""battery_qty"": 1, ""panel_model"": ""EMP210W"", ""panel_qty"": 1}",
Eastman Solar Lith Combo EM SSM 900-12VLFP-240EMP210W,EAS-CMB-EMSSM900-12VLFP-240EMP210W,Eastman,Solar Combo / SPGS,Solar Lithium combo: PCU EM SSM 900-12V + 1x LFP-240 LFP battery + EMP210W solar panel(s).,32195,,,15,5,85044090,pcs,1,10,,,goods,1,,,EM SSM 900-12VLFP-240EMP210W,active,,Apr-26-v1,Eastman Solar Lith Combo,,"{""pcu_model"": ""EM SSM 900-12V"", ""battery_model"": ""LFP-240"", ""battery_qty"": 1, ""panel_model"": ""EMP210W"", ""panel_qty"": 1}",
Eastman Solar Lith Combo EM SSM 1400-12VLFP-240EMP210W,EAS-CMB-EMSSM1400-12VLFP-240EMP210W,Eastman,Solar Combo / SPGS,Solar Lithium combo: PCU EM SSM 1400-12V + 1x LFP-240 LFP battery + EMP210W solar panel(s).,35175,,,15,5,85044090,pcs,1,10,,,goods,1,,,EM SSM 1400-12VLFP-240EMP210W,active,,Apr-26-v1,Eastman Solar Lith Combo,,"{""pcu_model"": ""EM SSM 1400-12V"", ""battery_model"": ""LFP-240"", ""battery_qty"": 1, ""panel_model"": ""EMP210W"", ""panel_qty"": 1}",
Eastman Solar Lith Combo EM SS 1250-12VLFP-240EMP125W,EAS-CMB-EMSS1250-12VLFP-240EMP125W,Eastman,Solar Combo / SPGS,Solar Lithium combo: PCU EM SS 1250-12V + 1x LFP-240 LFP battery + EMP125W solar panel(s).,29925,,,15,5,85044090,pcs,1,10,,,goods,1,,,EM SS 1250-12VLFP-240EMP125W,active,,Apr-26-v1,Eastman Solar Lith Combo,,"{""pcu_model"": ""EM SS 1250-12V"", ""battery_model"": ""LFP-240"", ""battery_qty"": 1, ""panel_model"": ""EMP125W"", ""panel_qty"": 1}",
Eastman Solar Lith Combo EM SS 1400-12VLFP-240EMP125W,EAS-CMB-EMSS1400-12VLFP-240EMP125W,Eastman,Solar Combo / SPGS,Solar Lithium combo: PCU EM SS 1400-12V + 1x LFP-240 LFP battery + EMP125W solar panel(s).,30995,,,15,5,85044090,pcs,1,10,,,goods,1,,,EM SS 1400-12VLFP-240EMP125W,active,,Apr-26-v1,Eastman Solar Lith Combo,,"{""pcu_model"": ""EM SS 1400-12V"", ""battery_model"": ""LFP-240"", ""battery_qty"": 1, ""panel_model"": ""EMP125W"", ""panel_qty"": 1}",
Eastman Solar Lith Combo EM SS 1800-12VLFP-240EMP125W,EAS-CMB-EMSS1800-12VLFP-240EMP125W,Eastman,Solar Combo / SPGS,Solar Lithium combo: PCU EM SS 1800-12V + 1x LFP-240 LFP battery + EMP125W solar panel(s).,32685,,,15,5,85044090,pcs,1,10,,,goods,1,,,EM SS 1800-12VLFP-240EMP125W,active,,Apr-26-v1,Eastman Solar Lith Combo,,"{""pcu_model"": ""EM SS 1800-12V"", ""battery_model"": ""LFP-240"", ""battery_qty"": 1, ""panel_model"": ""EMP125W"", ""panel_qty"": 1}",
Eastman Solar Lith Combo EMSS 925-12VLFP-240EMP125W,EAS-CMB-EMSS925-12VLFP-240EMP125W,Eastman,Solar Combo / SPGS,Solar Lithium combo: PCU EM SS 925-12V + 1x LFP-240 LFP battery + EMP125W solar panel(s).,29175,,,15,5,85044090,pcs,1,10,,,goods,1,,,EMSS 925-12VLFP-240EMP125W,active,,Apr-26-v1,Eastman Solar Lith Combo,,"{""pcu_model"": ""EM SS 925-12V"", ""battery_model"": ""LFP-240"", ""battery_qty"": 1, ""panel_model"": ""EMP125W"", ""panel_qty"": 1}",
Eastman Solar Lith Combo EMSSM 900-12VLFP-240EMP125W,EAS-CMB-EMSSM900-12VLFP-240EMP125W,Eastman,Solar Combo / SPGS,Solar Lithium combo: PCU EM SSM 900-12V + 1x LFP-240 LFP battery + EMP125W solar panel(s).,30855,,,15,5,85044090,pcs,1,10,,,goods,1,,,EMSSM 900-12VLFP-240EMP125W,active,,Apr-26-v1,Eastman Solar Lith Combo,,"{""pcu_model"": ""EM SSM 900-12V"", ""battery_model"": ""LFP-240"", ""battery_qty"": 1, ""panel_model"": ""EMP125W"", ""panel_qty"": 1}",
Eastman Solar Lith Combo EMSSM 1400-12VLFP-240EMP125W,EAS-CMB-EMSSM1400-12VLFP-240EMP125W,Eastman,Solar Combo / SPGS,Solar Lithium combo: PCU EM SSM 1400-12V + 1x LFP-240 LFP battery + EMP125W solar panel(s).,33835,,,15,5,85044090,pcs,1,10,,,goods,1,,,EMSSM 1400-12VLFP-240EMP125W,active,,Apr-26-v1,Eastman Solar Lith Combo,,"{""pcu_model"": ""EM SSM 1400-12V"", ""battery_model"": ""LFP-240"", ""battery_qty"": 1, ""panel_model"": ""EMP125W"", ""panel_qty"": 1}",
Eastman Solar Lith Combo EMSSM 900-12VLFP-160EBP550WNDCR,EAS-CMB-EMSSM900-12VLFP-160EBP550WNDCR,Eastman,Solar Combo / SPGS,Solar Lithium combo: PCU EM SSM 900-12V + 1x LFP-160 LFP battery + EBP550W-Non DCR solar panel(s).,28380,,,15,5,85044090,pcs,1,10,,,goods,1,,,EMSSM 900-12VLFP-160EBP550WNDCR,active,,Apr-26-v1,Eastman Solar Lith Combo,,"{""pcu_model"": ""EM SSM 900-12V"", ""battery_model"": ""LFP-160"", ""battery_qty"": 1, ""panel_model"": ""EBP550W-Non DCR"", ""panel_qty"": 1}",
Eastman Solar Lith Combo EMSSM 1400-12VLFP-160EBP550WNDCR,EAS-CMB-EMSSM1400-12VLFP-160EBP550WNDCR,Eastman,Solar Combo / SPGS,Solar Lithium combo: PCU EM SSM 1400-12V + 1x LFP-160 LFP battery + EBP550W-Non DCR solar panel(s).,31360,,,15,5,85044090,pcs,1,10,,,goods,1,,,EMSSM 1400-12VLFP-160EBP550WNDCR,active,,Apr-26-v1,Eastman Solar Lith Combo,,"{""pcu_model"": ""EM SSM 1400-12V"", ""battery_model"": ""LFP-160"", ""battery_qty"": 1, ""panel_model"": ""EBP550W-Non DCR"", ""panel_qty"": 1}",
Eastman Solar Lith Combo EMSSM 900-12VLFP-240EBP550WNDCR,EAS-CMB-EMSSM900-12VLFP-240EBP550WNDCR,Eastman,Solar Combo / SPGS,Solar Lithium combo: PCU EM SSM 900-12V + 1x LFP-240 LFP battery + EBP550W-Non DCR solar panel(s).,36535,,,15,5,85044090,pcs,1,10,,,goods,1,,,EMSSM 900-12VLFP-240EBP550WNDCR,active,,Apr-26-v1,Eastman Solar Lith Combo,,"{""pcu_model"": ""EM SSM 900-12V"", ""battery_model"": ""LFP-240"", ""battery_qty"": 1, ""panel_model"": ""EBP550W-Non DCR"", ""panel_qty"": 1}",
Eastman Solar Lith Combo EMSSM 1400-12VLFP-240EBP550WNDCR,EAS-CMB-EMSSM1400-12VLFP-240EBP550WNDCR,Eastman,Solar Combo / SPGS,Solar Lithium combo: PCU EM SSM 1400-12V + 1x LFP-240 LFP battery + EBP550W-Non DCR solar panel(s).,39515,,,15,5,85044090,pcs,1,10,,,goods,1,,,EMSSM 1400-12VLFP-240EBP550WNDCR,active,,Apr-26-v1,Eastman Solar Lith Combo,,"{""pcu_model"": ""EM SSM 1400-12V"", ""battery_model"": ""LFP-240"", ""battery_qty"": 1, ""panel_model"": ""EBP550W-Non DCR"", ""panel_qty"": 1}",
Eastman Solar Lith Combo EMSS 3100-24VLFP-320EBP550WNDCR,EAS-CMB-EMSS3100-24VLFP-320EBP550WNDCR,Eastman,Solar Combo / SPGS,Solar Lithium combo: PCU EM SS 3100-24V + 1x LFP-320 LFP battery + EBP550W-Non DCR solar panel(s).,45050,,,15,5,85044090,pcs,1,10,,,goods,1,,,EMSS 3100-24VLFP-320EBP550WNDCR,active,,Apr-26-v1,Eastman Solar Lith Combo,,"{""pcu_model"": ""EM SS 3100-24V"", ""battery_model"": ""LFP-320"", ""battery_qty"": 1, ""panel_model"": ""EBP550W-Non DCR"", ""panel_qty"": 1}",
Eastman Solar Lith Combo EMSS 3725-24VLFP-320EBP550WNDCR,EAS-CMB-EMSS3725-24VLFP-320EBP550WNDCR,Eastman,Solar Combo / SPGS,Solar Lithium combo: PCU EM SS 3725-24V + 1x LFP-320 LFP battery + EBP550W-Non DCR solar panel(s).,47790,,,15,5,85044090,pcs,1,10,,,goods,1,,,EMSS 3725-24VLFP-320EBP550WNDCR,active,,Apr-26-v1,Eastman Solar Lith Combo,,"{""pcu_model"": ""EM SS 3725-24V"", ""battery_model"": ""LFP-320"", ""battery_qty"": 1, ""panel_model"": ""EBP550W-Non DCR"", ""panel_qty"": 1}",
Eastman Solar Lith Combo EMSSM 2600-24VLFP-320EBP550WNDCR,EAS-CMB-EMSSM2600-24VLFP-320EBP550WNDCR,Eastman,Solar Combo / SPGS,Solar Lithium combo: PCU EM SSM 2600-24V + 1x LFP-320 LFP battery + EBP550W-Non DCR solar panel(s).,45630,,,15,5,85044090,pcs,1,10,,,goods,1,,,EMSSM 2600-24VLFP-320EBP550WNDCR,active,,Apr-26-v1,Eastman Solar Lith Combo,,"{""pcu_model"": ""EM SSM 2600-24V"", ""battery_model"": ""LFP-320"", ""battery_qty"": 1, ""panel_model"": ""EBP550W-Non DCR"", ""panel_qty"": 1}",
Eastman Solar Lith Combo EMSSM 3100-24VLFP-320EBP550WNDCR,EAS-CMB-EMSSM3100-24VLFP-320EBP550WNDCR,Eastman,Solar Combo / SPGS,Solar Lithium combo: PCU EM SSM 3100-24V + 1x LFP-320 LFP battery + EBP550W-Non DCR solar panel(s).,47480,,,15,5,85044090,pcs,1,10,,,goods,1,,,EMSSM 3100-24VLFP-320EBP550WNDCR,active,,Apr-26-v1,Eastman Solar Lith Combo,,"{""pcu_model"": ""EM SSM 3100-24V"", ""battery_model"": ""LFP-320"", ""battery_qty"": 1, ""panel_model"": ""EBP550W-Non DCR"", ""panel_qty"": 1}",
Eastman Solar Lith Combo EMSSM 3600-24VLFP-320EBP550WNDCR,EAS-CMB-EMSSM3600-24VLFP-320EBP550WNDCR,Eastman,Solar Combo / SPGS,Solar Lithium combo: PCU EM SSM 3600-24V + 1x LFP-320 LFP battery + EBP550W-Non DCR solar panel(s).,53650,,,15,5,85044090,pcs,1,10,,,goods,1,,,EMSSM 3600-24VLFP-320EBP550WNDCR,active,,Apr-26-v1,Eastman Solar Lith Combo,,"{""pcu_model"": ""EM SSM 3600-24V"", ""battery_model"": ""LFP-320"", ""battery_qty"": 1, ""panel_model"": ""EBP550W-Non DCR"", ""panel_qty"": 1}",
Eastman Solar Lith Combo EMSS 3100-24VLFP-480EBP550WNDCR,EAS-CMB-EMSS3100-24VLFP-480EBP550WNDCR,Eastman,Solar Combo / SPGS,Solar Lithium combo: PCU EM SS 3100-24V + 1x LFP-480 LFP battery + EBP550W-Non DCR solar panel(s).,58300,,,15,5,85044090,pcs,1,10,,,goods,1,,,EMSS 3100-24VLFP-480EBP550WNDCR,active,,Apr-26-v1,Eastman Solar Lith Combo,,"{""pcu_model"": ""EM SS 3100-24V"", ""battery_model"": ""LFP-480"", ""battery_qty"": 1, ""panel_model"": ""EBP550W-Non DCR"", ""panel_qty"": 1}",
Eastman Solar Lith Combo EMSS 3725-24VLFP-480EBP550WNDCR,EAS-CMB-EMSS3725-24VLFP-480EBP550WNDCR,Eastman,Solar Combo / SPGS,Solar Lithium combo: PCU EM SS 3725-24V + 1x LFP-480 LFP battery + EBP550W-Non DCR solar panel(s).,61040,,,15,5,85044090,pcs,1,10,,,goods,1,,,EMSS 3725-24VLFP-480EBP550WNDCR,active,,Apr-26-v1,Eastman Solar Lith Combo,,"{""pcu_model"": ""EM SS 3725-24V"", ""battery_model"": ""LFP-480"", ""battery_qty"": 1, ""panel_model"": ""EBP550W-Non DCR"", ""panel_qty"": 1}",
Eastman Solar Lith Combo EMSSM 2600-24VLFP-480EBP550WNDCR,EAS-CMB-EMSSM2600-24VLFP-480EBP550WNDCR,Eastman,Solar Combo / SPGS,Solar Lithium combo: PCU EM SSM 2600-24V + 1x LFP-480 LFP battery + EBP550W-Non DCR solar panel(s).,58880,,,15,5,85044090,pcs,1,10,,,goods,1,,,EMSSM 2600-24VLFP-480EBP550WNDCR,active,,Apr-26-v1,Eastman Solar Lith Combo,,"{""pcu_model"": ""EM SSM 2600-24V"", ""battery_model"": ""LFP-480"", ""battery_qty"": 1, ""panel_model"": ""EBP550W-Non DCR"", ""panel_qty"": 1}",
Eastman Solar Lith Combo EMSSM 3100-24VLFP-480EBP550WNDCR,EAS-CMB-EMSSM3100-24VLFP-480EBP550WNDCR,Eastman,Solar Combo / SPGS,Solar Lithium combo: PCU EM SSM 3100-24V + 1x LFP-480 LFP battery + EBP550W-Non DCR solar panel(s).,60730,,,15,5,85044090,pcs,1,10,,,goods,1,,,EMSSM 3100-24VLFP-480EBP550WNDCR,active,,Apr-26-v1,Eastman Solar Lith Combo,,"{""pcu_model"": ""EM SSM 3100-24V"", ""battery_model"": ""LFP-480"", ""battery_qty"": 1, ""panel_model"": ""EBP550W-Non DCR"", ""panel_qty"": 1}",
Eastman Solar Lith Combo EMSSM 3600-24VLFP-480EBP550WNDCR,EAS-CMB-EMSSM3600-24VLFP-480EBP550WNDCR,Eastman,Solar Combo / SPGS,Solar Lithium combo: PCU EM SSM 3600-24V + 1x LFP-480 LFP battery + EBP550W-Non DCR solar panel(s).,66900,,,15,5,85044090,pcs,1,10,,,goods,1,,,EMSSM 3600-24VLFP-480EBP550WNDCR,active,,Apr-26-v1,Eastman Solar Lith Combo,,"{""pcu_model"": ""EM SSM 3600-24V"", ""battery_model"": ""LFP-480"", ""battery_qty"": 1, ""panel_model"": ""EBP550W-Non DCR"", ""panel_qty"": 1}",
Eastman Solar Lith Combo EMSSM 4100-48VLFP-640EBP550WNDCR,EAS-CMB-EMSSM4100-48VLFP-640EBP550WNDCR,Eastman,Solar Combo / SPGS,Solar Lithium combo: PCU EM SSM 4100-48V + 1x LFP-640 LFP battery + 2x EBP550W-Non DCR solar panel(s).,105930,,,15,5,85044090,pcs,1,10,,,goods,1,,,EMSSM 4100-48VLFP-640EBP550WNDCR,active,,Apr-26-v1,Eastman Solar Lith Combo,,"{""pcu_model"": ""EM SSM 4100-48V"", ""battery_model"": ""LFP-640"", ""battery_qty"": 1, ""panel_model"": ""EBP550W-Non DCR"", ""panel_qty"": 2}",
Eastman Solar Lith Combo EMSSM 6100-48VLFP-640EBP550WNDCR,EAS-CMB-EMSSM6100-48VLFP-640EBP550WNDCR,Eastman,Solar Combo / SPGS,Solar Lithium combo: PCU EM SSM 6100-48V + 1x LFP-640 LFP battery + 2x EBP550W-Non DCR solar panel(s).,109960,,,15,5,85044090,pcs,1,10,,,goods,1,,,EMSSM 6100-48VLFP-640EBP550WNDCR,active,,Apr-26-v1,Eastman Solar Lith Combo,,"{""pcu_model"": ""EM SSM 6100-48V"", ""battery_model"": ""LFP-640"", ""battery_qty"": 1, ""panel_model"": ""EBP550W-Non DCR"", ""panel_qty"": 2}",
Eastman Solar Lith Combo EMSSM 4100-48VLFP-960EBP550WNDCR,EAS-CMB-EMSSM4100-48VLFP-960EBP550WNDCR,Eastman,Solar Combo / SPGS,Solar Lithium combo: PCU EM SSM 4100-48V + 1x LFP-960 LFP battery + 2x EBP550W-Non DCR solar panel(s).,134430,,,15,5,85044090,pcs,1,10,,,goods,1,,,EMSSM 4100-48VLFP-960EBP550WNDCR,active,,Apr-26-v1,Eastman Solar Lith Combo,,"{""pcu_model"": ""EM SSM 4100-48V"", ""battery_model"": ""LFP-960"", ""battery_qty"": 1, ""panel_model"": ""EBP550W-Non DCR"", ""panel_qty"": 2}",
Eastman Solar Lith Combo EMSSM 6100-48VLFP-960EBP550WNDCR,EAS-CMB-EMSSM6100-48VLFP-960EBP550WNDCR,Eastman,Solar Combo / SPGS,Solar Lithium combo: PCU EM SSM 6100-48V + 1x LFP-960 LFP battery + 2x EBP550W-Non DCR solar panel(s).,138460,,,15,5,85044090,pcs,1,10,,,goods,1,,,EMSSM 6100-48VLFP-960EBP550WNDCR,active,,Apr-26-v1,Eastman Solar Lith Combo,,"{""pcu_model"": ""EM SSM 6100-48V"", ""battery_model"": ""LFP-960"", ""battery_qty"": 1, ""panel_model"": ""EBP550W-Non DCR"", ""panel_qty"": 2}",
Eastman Solar Lith Combo EM SS 925-12VLFP-160EMP50W,EAS-CMB-EMSS925-12VLFP-160EMP50W,Eastman,Solar Combo / SPGS,Solar Lithium combo: PCU EM SS 925-12V + 1x LFP-160 LFP battery + EMP50W solar panel(s).,19620,,,15,5,85044090,pcs,1,10,,,goods,1,,,EM SS 925-12VLFP-160EMP50W,active,,Apr-26-v1,Eastman Solar Lith Combo,,"{""pcu_model"": ""EM SS 925-12V"", ""battery_model"": ""LFP-160"", ""battery_qty"": 1, ""panel_model"": ""EMP50W"", ""panel_qty"": 1}",
Eastman Solar Lith Combo EM SS 1250-12VLFP-160EMP50W,EAS-CMB-EMSS1250-12VLFP-160EMP50W,Eastman,Solar Combo / SPGS,Solar Lithium combo: PCU EM SS 1250-12V + 1x LFP-160 LFP battery + EMP50W solar panel(s).,20370,,,15,5,85044090,pcs,1,10,,,goods,1,,,EM SS 1250-12VLFP-160EMP50W,active,,Apr-26-v1,Eastman Solar Lith Combo,,"{""pcu_model"": ""EM SS 1250-12V"", ""battery_model"": ""LFP-160"", ""battery_qty"": 1, ""panel_model"": ""EMP50W"", ""panel_qty"": 1}",
Eastman Solar Lith Combo EM SS 1400-12VLFP-160EMP50W,EAS-CMB-EMSS1400-12VLFP-160EMP50W,Eastman,Solar Combo / SPGS,Solar Lithium combo: PCU EM SS 1400-12V + 1x LFP-160 LFP battery + EMP50W solar panel(s).,21440,,,15,5,85044090,pcs,1,10,,,goods,1,,,EM SS 1400-12VLFP-160EMP50W,active,,Apr-26-v1,Eastman Solar Lith Combo,,"{""pcu_model"": ""EM SS 1400-12V"", ""battery_model"": ""LFP-160"", ""battery_qty"": 1, ""panel_model"": ""EMP50W"", ""panel_qty"": 1}",
Eastman Solar Lith Combo EM SS 1800-12VLFP-160EMP50W,EAS-CMB-EMSS1800-12VLFP-160EMP50W,Eastman,Solar Combo / SPGS,Solar Lithium combo: PCU EM SS 1800-12V + 1x LFP-160 LFP battery + EMP50W solar panel(s).,23130,,,15,5,85044090,pcs,1,10,,,goods,1,,,EM SS 1800-12VLFP-160EMP50W,active,,Apr-26-v1,Eastman Solar Lith Combo,,"{""pcu_model"": ""EM SS 1800-12V"", ""battery_model"": ""LFP-160"", ""battery_qty"": 1, ""panel_model"": ""EMP50W"", ""panel_qty"": 1}",
Eastman Solar Lith Combo EM SSM 900-12VLFP-160EMP50W,EAS-CMB-EMSSM900-12VLFP-160EMP50W,Eastman,Solar Combo / SPGS,Solar Lithium combo: PCU EM SSM 900-12V + 1x LFP-160 LFP battery + EMP50W solar panel(s).,21300,,,15,5,85044090,pcs,1,10,,,goods,1,,,EM SSM 900-12VLFP-160EMP50W,active,,Apr-26-v1,Eastman Solar Lith Combo,,"{""pcu_model"": ""EM SSM 900-12V"", ""battery_model"": ""LFP-160"", ""battery_qty"": 1, ""panel_model"": ""EMP50W"", ""panel_qty"": 1}",
Eastman Solar Lith Combo EM SSM 1400-12VLFP-160EMP50W,EAS-CMB-EMSSM1400-12VLFP-160EMP50W,Eastman,Solar Combo / SPGS,Solar Lithium combo: PCU EM SSM 1400-12V + 1x LFP-160 LFP battery + EMP50W solar panel(s).,24280,,,15,5,85044090,pcs,1,10,,,goods,1,,,EM SSM 1400-12VLFP-160EMP50W,active,,Apr-26-v1,Eastman Solar Lith Combo,,"{""pcu_model"": ""EM SSM 1400-12V"", ""battery_model"": ""LFP-160"", ""battery_qty"": 1, ""panel_model"": ""EMP50W"", ""panel_qty"": 1}",
